addressLine1	bathrooms	bedrooms	city	county	createdDate	daysOnMarket	formattedAddress	id	lastSeen	latitude	listedDate	longitude	lotSize	price	propertyType	rawAddress	removedDate	squareFootage	state	status	yearBuilt	zipCode
5727 Cerritos Dr	2	3	Houston	Harris County	2022-08-05T14:00:17.440Z	88	5727 Cerritos Dr, Houston, TX 77035	5727-Cerritos-Dr,-Houston,-TX-77035	2022-10-24T14:55:19.410Z	29.650931	2022-07-29T05:29:33.000Z	-95.488234	8520	313000	Single Family	5727 Cerritos Dr, Houston, TX 77035		2020	TX	Active	1960	77035
4211 San Leo Ct	3	4	Katy	Harris County	2022-08-05T16:46:59.451Z	88	4211 San Leo Ct, Katy, TX 77449	4211-San-Leo-Ct,-Katy,-TX-77449	2022-10-24T14:55:19.410Z	29.835257	2022-07-29T07:02:33.000Z	-95.773015		422490	Single Family	4211 San Leo Ct, Katy, TX 77449		2255	TX	Active		77449
9832 Rugged Oaks Dr	2.5	3	Houston	Harris County	2022-08-05T15:47:55.818Z	88	9832 Rugged Oaks Dr, Houston, TX 77080	9832-Rugged-Oaks-Dr,-Houston,-TX-77080	2022-10-24T14:55:19.409Z	29.827636	2022-07-29T08:51:20.000Z	-95.541277		368640	Single Family	9832 Rugged Oaks Dr, Houston, TX 77080		1650	TX	Active		77080
9823 Resting Ridge Ln	2.5	3	Houston	Harris County	2022-08-05T14:57:23.283Z	88	9823 Resting Ridge Ln, Houston, TX 77080	9823-Resting-Ridge-Ln,-Houston,-TX-77080	2022-10-24T14:55:19.409Z	29.827636	2022-07-29T08:51:20.000Z	-95.541277		382840	Single Family	9823 Resting Ridge Ln, Houston, TX 77080		1650	TX	Active		77080
4605 Nett St	3.5	3	Houston	Harris County	2022-08-05T14:00:17.424Z	88	4605 Nett St, Houston, TX 77007	4605-Nett-St,-Houston,-TX-77007	2022-10-24T14:55:19.408Z	29.771812	2022-07-29T13:12:44.000Z	-95.407557	1590	565000	Single Family	4605 Nett St, Houston, TX 77007		2380	TX	Active	2019	77007
6955 Turtlewood Dr	1	1	Houston	Harris County	2022-08-05T14:00:17.419Z	88	6955 Turtlewood Dr, Unit 520, Houston, TX 77072	6955-Turtlewood-Dr,-Unit-520,-Houston,-TX-77072	2022-10-24T14:55:19.408Z	29.701013	2022-07-29T14:06:52.000Z	-95.566803	56869	252000	Condo	6955 Turtlewood Dr Unit 520, Houston, TX 77072		640	TX	Active	2019	77072
9831 Heritage Run Ln	2.5	3	Houston	Harris County	2022-08-05T16:46:59.451Z	88	9831 Heritage Run Ln, Houston, TX 77080	9831-Heritage-Run-Ln,-Houston,-TX-77080	2022-10-24T14:55:19.408Z	29.827636	2022-07-29T08:51:20.000Z	-95.541277		399135	Single Family	9831 Heritage Run Ln, Houston, TX 77080		1771	TX	Active		77080
6206 Sugar Hill Dr	2.5	4	Houston	Harris County	2022-08-05T14:00:17.422Z	88	6206 Sugar Hill Dr, Houston, TX 77057	6206-Sugar-Hill-Dr,-Houston,-TX-77057	2022-10-24T14:55:19.408Z	29.755679	2022-07-29T13:51:14.000Z	-95.493013	10850	1360000	Single Family	6206 Sugar Hill Dr, Houston, TX 77057		2684	TX	Active	1958	77057
526 Hunters Den Dr	2.5	4	Houston	Harris County	2022-08-05T14:00:17.414Z	88	526 Hunters Den Dr, Houston, TX 77079	526-Hunters-Den-Dr,-Houston,-TX-77079	2022-10-24T14:55:19.407Z	29.766021	2022-07-29T14:24:53.000Z	-95.603311	8621	775000	Single Family	526 Hunters Den Dr, Houston, TX 77079		2496	TX	Active	1965	77079
10702 Duane St	3	3	Houston	Harris County	2021-09-16T16:53:47.680Z	87	10702 Duane St, Houston, TX 77047	10702-Duane-St,-Houston,-TX-77047	2022-10-24T14:55:19.407Z	29.643319	2022-07-29T16:31:06.000Z	-95.357603	7558	210000	Single Family	10702 Duane St, Houston, TX 77047		1600	TX	Active	1960	77047
705 Main St	1	1	Houston	Harris County	2022-08-05T14:00:17.418Z	88	705 Main St, Unit 409, Houston, TX 77002	705-Main-St,-Unit-409,-Houston,-TX-77002	2022-10-24T14:55:19.407Z	29.758713	2022-07-29T14:06:52.000Z	-95.362868		229900	Condo	705 Main St Unit 409, Houston, TX 77002		851	TX	Active	1921	77002
5656 San Felipe St	3	2	Houston	Harris County	2022-08-05T14:00:11.354Z	87	5656 San Felipe St, Unit 803, Houston, TX 77056	5656-San-Felipe-St,-Unit-803,-Houston,-TX-77056	2022-10-24T14:55:19.406Z	29.750515	2022-07-29T15:21:30.000Z	-95.476477		1715000	Condo	5656 San Felipe St Unit 803, Houston, TX 77056		2030	TX	Active	2023	77056
1112 Bering Dr	2.5	2	Houston	Harris County	2022-08-05T14:00:17.414Z	88	1112 Bering Dr, Apt 67, Houston, TX 77057	1112-Bering-Dr,-Apt-67,-Houston,-TX-77057	2022-10-24T14:55:19.406Z	29.754025	2022-07-29T14:32:28.000Z	-95.479877	1183	255000	Townhouse	1112 Bering Dr Apt 67, Houston, TX 77057		1610	TX	Active	1980	77057
909 W 35th St	3.5	4	Houston	Harris County	2022-09-05T14:17:41.594Z	88	909 W 35th St, Unit B, Houston, TX 77018	909-W-35th-St,-Unit-B,-Houston,-TX-77018	2022-10-24T14:55:19.406Z	29.819849	2022-07-29T14:21:53.000Z	-95.420732		575000	Single Family	909 W 35th St Unit B, Houston, TX 77018		2706	TX	Active	2022	77018
24327 Hyland Greens Ln	2	3	Spring	Harris County	2022-08-05T14:00:17.414Z	88	24327 Hyland Greens Ln, Spring, TX 77373	24327-Hyland-Greens-Ln,-Spring,-TX-77373	2022-10-24T14:55:19.406Z	30.110404	2022-07-29T14:24:53.000Z	-95.433175	5837	249900	Single Family	24327 Hyland Greens Ln, Spring, TX 77373		1615	TX	Active	2000	77373
10534 Paula Bluff Ln	2	4	Cypress	Harris County	2022-08-05T14:00:17.413Z	88	10534 Paula Bluff Ln, Cypress, TX 77433	10534-Paula-Bluff-Ln,-Cypress,-TX-77433	2022-10-24T14:55:19.405Z	29.932949	2022-07-29T14:41:22.000Z	-95.72176	7231	399000	Single Family	10534 Paula Bluff Ln, Cypress, TX 77433		2572	TX	Active	2017	77433
2903 Prairie Hill Ct	2.5	4	Houston	Harris County	2022-08-05T14:00:11.353Z	87	2903 Prairie Hill Ct, Houston, TX 77059	2903-Prairie-Hill-Ct,-Houston,-TX-77059	2022-10-24T14:55:19.404Z	29.601141	2022-07-29T15:21:30.000Z	-95.138186	8686	364900	Single Family	2903 Prairie Hill Ct, Houston, TX 77059		2725	TX	Active	1993	77059
204 Marshall St	2.5	2	Houston	Harris County	2022-08-05T14:00:11.346Z	87	204 Marshall St, Unit 4, Houston, TX 77006	204-Marshall-St,-Unit-4,-Houston,-TX-77006	2022-10-24T14:55:19.403Z	29.739403	2022-07-29T16:13:00.000Z	-95.385276	1095	375000	Townhouse	204 Marshall St Unit 4, Houston, TX 77006		1741	TX	Active	1984	77006
5656 San Felipe St	2	2	Houston	Harris County	2022-08-05T14:00:11.353Z	87	5656 San Felipe St, Unit 1303, Houston, TX 77056	5656-San-Felipe-St,-Unit-1303,-Houston,-TX-77056	2022-10-24T14:55:19.403Z	29.750515	2022-07-29T15:21:30.000Z	-95.476477		1495000	Condo	5656 San Felipe St Unit 1303, Houston, TX 77056		1517	TX	Active	2023	77056
2206 Eaves Dr	2.5	4	Baytown	Harris County	2022-08-05T14:00:11.348Z	87	2206 Eaves Dr, Baytown, TX 77520	2206-Eaves-Dr,-Baytown,-TX-77520	2022-10-24T14:55:19.403Z	29.746147	2022-07-29T16:04:25.000Z	-94.942239	8799	244900	Single Family	2206 Eaves Dr, Baytown, TX 77520		2253	TX	Active	1966	77520
1159 Magnolia Branch Ln	2.5	3	Tomball	Harris County	2022-08-05T14:00:11.317Z	87	1159 Magnolia Branch Ln, Tomball, TX 77375	1159-Magnolia-Branch-Ln,-Tomball,-TX-77375	2022-10-24T14:55:19.403Z	30.108522	2022-07-29T17:18:10.000Z	-95.608134	4800	351064	Single Family	1159 Magnolia Branch Ln, Tomball, TX 77375		1900	TX	Active	2022	77375
3253 Royal Oaks Hollow Ln	3.5	3	Houston	Harris County	2022-09-05T14:17:41.591Z	87	3253 Royal Oaks Hollow Ln, Houston, TX 77082	3253-Royal-Oaks-Hollow-Ln,-Houston,-TX-77082	2022-10-24T14:55:19.403Z	29.724818	2022-07-29T16:18:57.000Z	-95.590678	3842	730602	Single Family	3253 Royal Oaks Hollow Ln, Houston, TX 77082		2848	TX	Active	2022	77082
10511 Autumn Harvest Dr	2	4	Houston	Harris County	2022-08-05T14:00:11.340Z	87	10511 Autumn Harvest Dr, Houston, TX 77064	10511-Autumn-Harvest-Dr,-Houston,-TX-77064	2022-10-24T14:55:19.402Z	29.92778	2022-07-29T16:55:32.000Z	-95.576647	7100	285000	Single Family	10511 Autumn Harvest Dr, Houston, TX 77064		1560	TX	Active	1983	77064
4005 Danek Rd	2	3	Crosby	Harris County	2022-08-05T14:00:11.340Z	87	4005 Danek Rd, Crosby, TX 77532	4005-Danek-Rd,-Crosby,-TX-77532	2022-10-24T14:55:19.402Z	29.851445	2022-07-29T16:51:49.000Z	-95.007577	856533	980000	Single Family	4005 Danek Rd, Crosby, TX 77532		2024	TX	Active	1976	77532
1215 Shore Acres Blvd			Shoreacres	Harris County	2022-08-05T14:00:11.317Z	87	1215 Shore Acres Blvd, Shoreacres, TX 77571	1215-Shore-Acres-Blvd,-Shoreacres,-TX-77571	2022-10-24T14:55:19.402Z	29.619339	2022-07-29T17:12:33.000Z	-95.027969	44849	118000	Land	1215 Shore Acres Blvd, Shoreacres, TX 77571			TX	Active		77571
10823 Chimney Rock Rd	2	3	Houston	Harris County	2022-08-05T14:00:11.317Z	87	10823 Chimney Rock Rd, Houston, TX 77096	10823-Chimney-Rock-Rd,-Houston,-TX-77096	2022-10-24T14:55:19.399Z	29.662587	2022-07-29T17:18:10.000Z	-95.476047	13652	339900	Single Family	10823 Chimney Rock Rd, Houston, TX 77096		2437	TX	Active	1963	77096
3923 Cornell Park Ct	2	3	Houston	Harris County	2022-08-11T13:58:53.822Z	87	3923 Cornell Park Ct, Houston, TX 77058	3923-Cornell-Park-Ct,-Houston,-TX-77058	2022-10-24T14:55:19.399Z	29.591516	2022-07-29T17:04:15.000Z	-95.095784	6020	396500	Single Family	3923 Cornell Park Ct, Houston, TX 77058		2726	TX	Active	1999	77058
12625 Memorial Dr	2	3	Houston	Harris County	2022-08-05T14:00:11.342Z	87	12625 Memorial Dr, Apt 56, Houston, TX 77024	12625-Memorial-Dr,-Apt-56,-Houston,-TX-77024	2022-10-24T14:55:19.399Z	29.764618	2022-07-29T16:39:24.000Z	-95.554607	1863	304999	Townhouse	12625 Memorial Dr Apt 56, Houston, TX 77024		1701	TX	Active	1978	77024
16910 Chapel Pines Dr	2.5	3	Spring	Harris County	2022-08-05T14:00:11.296Z	87	16910 Chapel Pines Dr, Unit 117, Spring, TX 77379	16910-Chapel-Pines-Dr,-Unit-117,-Spring,-TX-77379	2022-10-24T14:55:19.398Z	30.018524	2022-07-29T18:40:59.000Z	-95.532192	592943	204000	Condo	16910 Chapel Pines Dr Unit 117, Spring, TX 77379		1436	TX	Active	1990	77379
14306 Beach Pine Trl	2.5	4	Crosby	Harris County	2022-10-15T14:53:42.932Z	87	14306 Beach Pine Trl, Crosby, TX 77532	14306-Beach-Pine-Trl,-Crosby,-TX-77532	2022-10-24T14:55:19.398Z	29.894726	2022-07-29T17:12:33.000Z	-95.071542		356243	Single Family	14306 Beach Pine Trl, Crosby, TX 77532		2507	TX	Active	2022	77532
2415 Hannover Valley Ct	2.5	4	Spring	Harris County	2022-08-05T14:00:11.336Z	87	2415 Hannover Valley Ct, Spring, TX 77388	2415-Hannover-Valley-Ct,-Spring,-TX-77388	2022-10-24T14:55:19.398Z	30.080433	2022-07-29T17:12:33.000Z	-95.45745	6325	439900	Single Family	2415 Hannover Valley Ct, Spring, TX 77388		2800	TX	Active	2005	77388
1015 Tackett Ct	3.5	4	Webster	Harris County	2022-09-04T14:46:28.945Z	87	1015 Tackett Ct, Webster, TX 77598	1015-Tackett-Ct,-Webster,-TX-77598	2022-10-24T14:55:19.397Z	29.527579	2022-07-29T17:52:26.000Z	-95.09841		499990	Single Family	1015 Tackett Ct, Webster, TX 77598		2518	TX	Active	2021	77598
23106 Gold Run Dr	2	3	Spring	Harris County	2022-08-05T14:00:11.303Z	87	23106 Gold Run Dr, Spring, TX 77373	23106-Gold-Run-Dr,-Spring,-TX-77373	2022-10-24T14:55:19.397Z	30.05956	2022-07-29T18:25:28.000Z	-95.367327	6120	276000	Single Family	23106 Gold Run Dr, Spring, TX 77373		1688	TX	Active	2019	77373
8834 Stable Ln	7	5	Houston	Harris County	2022-08-05T14:00:11.334Z	87	8834 Stable Ln, Houston, TX 77024	8834-Stable-Ln,-Houston,-TX-77024	2022-10-24T14:55:19.397Z	29.770834	2022-07-29T17:18:10.000Z	-95.464572	22930	6800000	Single Family	8834 Stable Ln, Houston, TX 77024		9661	TX	Active	2007	77024
2310 Lomax Dr			La Porte	Harris County	2022-08-05T14:00:06.783Z	87	2310 Lomax Dr, La Porte, TX 77571	2310-Lomax-Dr,-La-Porte,-TX-77571	2022-10-24T14:55:19.396Z	29.67977	2022-07-29T19:58:02.000Z	-95.058992	21837	150000	Land	2310 Lomax Dr, La Porte, TX 77571			TX	Active		77571
7604 Del Monte Dr	2.5	3	Houston	Harris County	2022-08-05T14:00:11.305Z	87	7604 Del Monte Dr, Houston, TX 77063	7604-Del-Monte-Dr,-Houston,-TX-77063	2022-10-24T14:55:19.396Z	29.745604	2022-07-29T17:52:26.000Z	-95.502838	2287	457000	Townhouse	7604 Del Monte Dr, Houston, TX 77063		2558	TX	Active	1970	77063
5626 Chevy Chase Dr	5	5	Houston	Harris County	2022-08-05T14:00:11.304Z	87	5626 Chevy Chase Dr, Houston, TX 77056	5626-Chevy-Chase-Dr,-Houston,-TX-77056	2022-10-24T14:55:19.396Z	29.745368	2022-07-29T18:25:28.000Z	-95.475436	12602	2395000	Single Family	5626 Chevy Chase Dr, Houston, TX 77056		5615	TX	Active	2022	77056
23603 Legacy Oak St	2.5	3	Katy	Harris County	2022-08-05T14:00:11.296Z	87	23603 Legacy Oak St, Katy, TX 77493	23603-Legacy-Oak-St,-Katy,-TX-77493	2022-10-24T14:55:19.396Z	29.81733	2022-07-29T18:44:36.000Z	-95.783577	5266	293000	Single Family	23603 Legacy Oak St, Katy, TX 77493		2069	TX	Active	2011	77493
1314 Caudle Dr			Spring Valley Village	Harris County	2022-09-10T14:24:09.165Z	87	1314 Caudle Dr, Lot 32, Spring Valley Village, TX 77055	1314-Caudle-Dr,-Lot-32,-Spring-Valley-Village,-TX-77055	2022-10-24T14:55:19.395Z	29.793676	2022-07-29T18:33:23.000Z	-95.504341	9400	795000	Land	1314 Caudle Dr Lot 32, Spring Valley Village, TX 77055			TX	Active		77055
3707 Rosemont St	2	3	Houston	Harris County	2022-08-05T14:00:06.783Z	87	3707 Rosemont St, Houston, TX 77051	3707-Rosemont-St,-Houston,-TX-77051	2022-10-24T14:55:19.395Z	29.672086	2022-07-29T20:23:51.000Z	-95.369311	5001	179900	Single Family	3707 Rosemont St, Houston, TX 77051		1152	TX	Active	1945	77051
30102 Fm 2920 Rd			Waller	Harris County	2022-08-13T14:34:33.256Z	87	30102 Fm 2920 Rd, Waller, TX 77484	30102-Fm-2920-Rd,-Waller,-TX-77484	2022-10-24T14:55:19.395Z	30.065577	2022-07-29T19:36:49.000Z	-95.891626	1698840	11891880	Single Family	30102 FM 2920 Rd, Waller, TX 77484			TX	Active		77484
15806 Congo Ln	3	4	Jersey Village	Harris County	2022-08-05T14:00:06.767Z	87	15806 Congo Ln, Jersey Village, TX 77040	15806-Congo-Ln,-Jersey-Village,-TX-77040	2022-10-24T14:55:19.394Z	29.884208	2022-07-29T22:24:27.000Z	-95.559439	11552	325000	Single Family	15806 Congo Ln, Jersey Village, TX 77040		2704	TX	Active	1973	77040
2411 Encreek Rd	2	4	Houston	Harris County	2022-08-05T14:00:06.778Z	87	2411 Encreek Rd, Houston, TX 77068	2411-Encreek-Rd,-Houston,-TX-77068	2022-10-24T14:55:19.393Z	30.019548	2022-07-29T20:51:35.000Z	-95.476348	19200	335000	Single Family	2411 Encreek Rd, Houston, TX 77068		2055	TX	Active	1972	77068
17818 Beeching Dr	2.5	4	Tomball	Harris County	2022-09-05T14:17:41.578Z	87	17818 Beeching Dr, Tomball, TX 77377	17818-Beeching-Dr,-Tomball,-TX-77377	2022-10-24T14:55:19.393Z	30.090906	2022-07-29T20:09:18.000Z	-95.701055	5750	369990	Single Family	17818 Beeching Dr, Tomball, TX 77377		2593	TX	Active	2022	77377
9435 Pinole Ln	2	3	Houston	Harris County	2022-08-05T14:00:06.772Z	87	9435 Pinole Ln, Houston, TX 77086	9435-Pinole-Ln,-Houston,-TX-77086	2022-10-24T14:55:19.392Z	29.917675	2022-07-29T22:24:27.000Z	-95.49729	6299	219990	Single Family	9435 Pinole Ln, Houston, TX 77086		1391	TX	Active	1978	77086
5317 Chennault Rd	2	3	Houston	Harris County	2021-05-12T10:29:57.014Z	87	5317 Chennault Rd, Houston, TX 77033	5317-Chennault-Rd,-Houston,-TX-77033	2022-10-24T14:55:19.392Z	29.683102	2022-07-29T22:24:27.000Z	-95.338932	5692	545000	Duplex-Triplex	5317 Chennault Rd, Houston, TX 77033		3216	TX	Active	2022	77033
5607B Bacher St	2	3	Houston	Harris County	2021-12-03T14:11:32.295Z	87	5607B Bacher St, Houston, TX 77028	5607B-Bacher-St,-Houston,-TX-77028	2022-10-24T14:55:19.391Z	29.812566	2022-07-29T23:33:19.000Z	-95.278059	5001	209000	Single Family	5607B Bacher St, Houston, TX 77028		1225	TX	Active	2021	77028
361 Blue Lake Ct	2	2	Huffman	Harris County	2022-05-16T15:25:24.109Z	87	361 Blue Lake Ct, Huffman, TX 77336	361-Blue-Lake-Ct,-Huffman,-TX-77336	2022-10-24T14:55:19.391Z	30.112337	2022-07-30T01:14:19.000Z	-95.138894	29969	199750	Single Family	361 Blue Lake Ct, Huffman, TX 77336		960	TX	Active	2011	77336
2022 Thonig Rd	2.5	3	Houston	Harris County	2022-08-05T14:00:06.782Z	87	2022 Thonig Rd, Unit A, Houston, TX 77055	2022-Thonig-Rd,-Unit-A,-Houston,-TX-77055	2022-10-24T14:55:19.391Z	29.8088	2022-07-29T20:26:18.000Z	-95.477406	2130	439000	Single Family	2022 Thonig Rd Unit A, Houston, TX 77055		1859	TX	Active	2022	77055
8710 Dallam Ct	3	4	Houston	Harris County	2022-08-05T14:00:06.771Z	87	8710 Dallam Ct, Houston, TX 77064	8710-Dallam-Ct,-Houston,-TX-77064	2022-10-24T14:55:19.390Z	29.900711	2022-07-29T22:24:27.000Z	-95.567306	8760	447000	Single Family	8710 Dallam Ct, Houston, TX 77064		3634	TX	Active	1998	77064
23906 Primrose Garden Rd	3.5	4	Katy	Harris County	2022-09-05T14:17:41.572Z	87	23906 Primrose Garden Rd, Katy, TX 77493	23906-Primrose-Garden-Rd,-Katy,-TX-77493	2022-10-24T14:55:19.390Z	29.88304	2022-07-29T23:59:02.000Z	-95.789247	8884	654857	Single Family	23906 Primrose Garden Rd, Katy, TX 77493		3757	TX	Active	2022	77493
2418 Delafield St	1	3	Houston	Harris County	2022-08-05T14:00:06.766Z	87	2418 Delafield St, Houston, TX 77023	2418-Delafield-St,-Houston,-TX-77023	2022-10-24T14:55:19.390Z	29.716241	2022-07-29T22:24:27.000Z	-95.322692	5702	249900	Single Family	2418 Delafield St, Houston, TX 77023		1329	TX	Active	1928	77023
1807 Davis St			Houston	Harris County	2022-06-25T14:13:07.594Z	87	1807 Davis St, Houston, TX 77026	1807-Davis-St,-Houston,-TX-77026	2022-10-24T14:55:19.389Z	29.778008	2022-07-30T02:18:31.000Z	-95.343116	5001	130000	Land	1807 Davis St, Houston, TX 77026			TX	Active		77026
3502 Lynette Cove Pl	2.5	3	Houston	Harris County	2022-10-01T14:53:28.308Z	87	3502 Lynette Cove Pl, Houston, TX 77018	3502-Lynette-Cove-Pl,-Houston,-TX-77018	2022-10-24T14:55:19.389Z	29.819785	2022-07-30T01:56:54.000Z	-95.43011	4673	534900	Single Family	3502 Lynette Cove Pl, Houston, TX 77018		2540	TX	Active	2022	77018
13031 Crescent Manor Ln	2.5	3	Houston	Harris County	2022-08-05T14:00:00.276Z	87	13031 Crescent Manor Ln, Houston, TX 77072	13031-Crescent-Manor-Ln,-Houston,-TX-77072	2022-10-24T14:55:19.389Z	29.685663	2022-07-29T22:24:27.000Z	-95.612108	4953	295000	Single Family	13031 Crescent Manor Ln, Houston, TX 77072		2650	TX	Active	2005	77072
3226 Enclave Ln	3.5	4	Houston	Harris County	2022-08-05T14:00:00.278Z	87	3226 Enclave Ln, Houston, TX 77077	3226-Enclave-Ln,-Houston,-TX-77077	2022-10-24T14:55:19.389Z	29.752125	2022-07-29T22:24:27.000Z	-95.622036	5624	489900	Single Family	3226 Enclave Ln, Houston, TX 77077		3910	TX	Active	2001	77077
15655 N Brentwood St	2	3	Channelview	Harris County	2022-08-05T14:00:00.274Z	87	15655 N Brentwood St, Channelview, TX 77530	15655-N-Brentwood-St,-Channelview,-TX-77530	2022-10-24T14:55:19.388Z	29.785601	2022-07-29T22:50:51.000Z	-95.128014	70872	389900	Single Family	15655 N Brentwood St, Channelview, TX 77530		1737	TX	Active	1974	77530
4609 Floyd St	3.5	3	Houston	Harris County	2022-08-05T14:00:00.269Z	87	4609 Floyd St, Unit A, Houston, TX 77007	4609-Floyd-St,-Unit-A,-Houston,-TX-77007	2022-10-24T14:55:19.388Z	29.76814	2022-07-30T00:11:29.000Z	-95.407816	1854	480000	Townhouse	4609 Floyd St Unit A, Houston, TX 77007		2285	TX	Active	2004	77007
21402 Fields Store Rd			Waller	Harris County	2022-08-11T13:56:55.244Z	87	21402 Fields Store Rd, Waller, TX 77484	21402-Fields-Store-Rd,-Waller,-TX-77484	2022-10-24T14:55:19.388Z	30.08549	2022-07-29T22:24:27.000Z	-95.921809	2659817	7447488	Single Family	21402 Fields Store Rd, Waller, TX 77484			TX	Active		77484
17326 Edsall Dr	3.5	5	Spring	Harris County	2022-09-15T14:39:54.297Z	87	17326 Edsall Dr, Spring, TX 77388	17326-Edsall-Dr,-Spring,-TX-77388	2022-10-24T14:55:19.387Z	30.029278	2022-07-30T05:55:08.000Z	-95.471459	9431	415000	Single Family	17326 Edsall Dr, Spring, TX 77388		3108	TX	Active	1973	77388
20434 Oak Lodge Meadow Dr	2	3	Humble	Harris County	2022-08-05T14:00:00.267Z	87	20434 Oak Lodge Meadow Dr, Humble, TX 77338	20434-Oak-Lodge-Meadow-Dr,-Humble,-TX-77338	2022-10-24T14:55:19.385Z	30.018038	2022-07-30T01:04:42.000Z	-95.291824	5515	229900	Single Family	20434 Oak Lodge Meadow Dr, Humble, TX 77338		1412	TX	Active	2016	77338
9829 Resting Ridge Ln	2.5	3	Houston	Harris County	2022-10-14T14:54:02.674Z	87	9829 Resting Ridge Ln, Houston, TX 77080	9829-Resting-Ridge-Ln,-Houston,-TX-77080	2022-10-24T14:55:19.385Z	29.831114	2022-07-30T08:50:38.000Z	-95.535614		411490	Single Family	9829 Resting Ridge Ln, Houston, TX 77080		2047	TX	Active		77080
17307 Shadow Ledge Dr	2.5	4	Houston	Harris County	2021-04-18T15:40:30.168Z	87	17307 Shadow Ledge Dr, Houston, TX 77095	17307-Shadow-Ledge-Dr,-Houston,-TX-77095	2022-10-24T14:55:19.385Z	29.926848	2022-07-30T06:01:51.000Z	-95.678995	5937	371000	Single Family	17307 Shadow Ledge Dr, Houston, TX 77095		3175	TX	Active	2002	77095
3505 3507 1/2 Vintage St	1	9	Houston	Harris County	2022-08-05T14:00:00.255Z	87	3505 3507 1/2 Vintage St, Houston, TX 77026	3505-3507-1-2-Vintage-St,-Houston,-TX-77026	2022-10-24T14:55:19.385Z	29.80341	2022-07-30T06:01:51.000Z	-95.333713	8775	399000	Duplex-Triplex	3505 3507 1/2 Vintage St, Houston, TX 77026		864	TX	Active	1965	77026
24302 Wild Bramble Ln	3.5	4	Katy	Harris County	2022-09-05T14:28:28.799Z	87	24302 Wild Bramble Ln, Katy, TX 77493	24302-Wild-Bramble-Ln,-Katy,-TX-77493	2022-10-24T14:55:19.384Z	29.831461	2022-07-30T08:50:38.000Z	-95.79015		419730	Single Family	24302 Wild Bramble Ln, Katy, TX 77493		2764	TX	Active	2022	77493
10311 Fountain Shores Dr	4.5	5	Houston	Harris County	2022-08-05T14:00:00.259Z	87	10311 Fountain Shores Dr, Houston, TX 77065	10311-Fountain-Shores-Dr,-Houston,-TX-77065	2022-10-24T14:55:19.384Z	29.922448	2022-07-30T05:55:08.000Z	-95.597077	9052	749500	Single Family	10311 Fountain Shores Dr, Houston, TX 77065		5013	TX	Active	2001	77065
3020 Live Oak St			Houston	Harris County	2022-05-11T13:06:57.456Z	86	3020 Live Oak St, Houston, TX 77004	3020-Live-Oak-St,-Houston,-TX-77004	2022-10-24T14:55:19.383Z	29.734238	2022-07-30T16:59:27.000Z	-95.36293	3350	198000	Land	3020 Live Oak St, Houston, TX 77004			TX	Active		77004
4319 Reese Ravine Ln	2.5	4	Katy	Harris County	2022-08-05T14:49:25.641Z	87	4319 Reese Ravine Ln, Katy, TX 77493	4319-Reese-Ravine-Ln,-Katy,-TX-77493	2022-10-24T14:55:19.383Z	29.831461	2022-07-30T08:50:38.000Z	-95.79015		394440	Single Family	4319 Reese Ravine Ln, Katy, TX 77493		2585	TX	Active	2022	77493
18834 Appletree Hill Ln	2	4	Houston	Harris County	2022-06-21T17:02:04.939Z	87	18834 Appletree Hill Ln, Houston, TX 77084	18834-Appletree-Hill-Ln,-Houston,-TX-77084	2022-10-24T14:55:19.383Z	29.819641	2022-07-30T05:55:08.000Z	-95.698093	6856	299000	Single Family	18834 Appletree Hill Ln, Houston, TX 77084		2032	TX	Active	1991	77084
10711 Woodedge Dr	1.5	2	Houston	Harris County	2022-08-05T13:55:33.794Z	87	10711 Woodedge Dr, Houston, TX 77070	10711-Woodedge-Dr,-Houston,-TX-77070	2022-10-24T14:55:19.382Z	29.943772	2022-07-30T13:59:03.000Z	-95.580519	64120	699000	Single Family	10711 Woodedge Dr, Houston, TX 77070		2509	TX	Active	2006	77070
18615 Partners Voice Dr	3.5	4	Cypress	Harris County	2022-08-05T14:00:00.249Z	87	18615 Partners Voice Dr, Cypress, TX 77433	18615-Partners-Voice-Dr,-Cypress,-TX-77433	2022-10-24T14:55:19.382Z	29.956574	2022-07-30T12:13:47.000Z	-95.733519	9100	678000	Single Family	18615 Partners Voice Dr, Cypress, TX 77433		3705	TX	Active	2006	77433
205 E 28th St	1	3	Houston	Harris County	2022-08-05T14:00:00.252Z	87	205 E 28th St, Houston, TX 77008	205-E-28th-St,-Houston,-TX-77008	2022-10-24T14:55:19.382Z	29.812445	2022-07-30T08:42:29.000Z	-95.397178	5998	475000	Single Family	205 E 28th St, Houston, TX 77008		1476	TX	Active	1948	77008
10954 Britt Way	3	4	Houston	Harris County	2022-08-05T13:55:33.789Z	87	10954 Britt Way, Houston, TX 77043	10954-Britt-Way,-Houston,-TX-77043	2022-10-24T14:55:19.381Z	29.804093	2022-07-30T14:30:22.000Z	-95.572488	7632	680000	Single Family	10954 Britt Way, Houston, TX 77043		2204	TX	Active	2017	77043
14409 Alice Rd			Tomball	Harris County	2022-08-05T13:55:33.793Z	87	14409 Alice Rd, Tomball, TX 77377	14409-Alice-Rd,-Tomball,-TX-77377	2022-10-24T14:55:19.380Z	30.076184	2022-07-30T14:26:21.000Z	-95.640957	203425	850000	Single Family	14409 Alice Rd, Tomball, TX 77377			TX	Active		77377
8522 Graceful Bend Ln	4	5	Humble	Harris County	2022-08-05T13:55:33.785Z	86	8522 Graceful Bend Ln, Humble, TX 77396	8522-Graceful-Bend-Ln,-Humble,-TX-77396	2022-10-24T14:55:19.380Z	29.927991	2022-07-30T15:41:33.000Z	-95.259207	10550	555000	Single Family	8522 Graceful Bend Ln, Humble, TX 77396		4536	TX	Active	2003	77396
9402 Stonebridge Lake Ct	5	5	Tomball	Harris County	2022-08-05T13:55:33.785Z	86	9402 Stonebridge Lake Ct, Tomball, TX 77375	9402-Stonebridge-Lake-Ct,-Tomball,-TX-77375	2022-10-24T14:55:19.379Z	30.127227	2022-07-30T16:08:13.000Z	-95.568134	68280	1595000	Single Family	9402 Stonebridge Lake Ct, Tomball, TX 77375		5577	TX	Active	2000	77375
15335 Ordie Run Dr	3	4	Humble	Harris County	2022-10-05T14:45:45.800Z	87	15335 Ordie Run Dr, Humble, TX 77346	15335-Ordie-Run-Dr,-Humble,-TX-77346	2022-10-24T14:55:19.379Z	29.943739	2022-07-30T11:40:15.000Z	-95.206081	11173	384500	Single Family	15335 Ordie Run Dr, Humble, TX 77346		2773	TX	Active	2020	77346
2251 Camden Arbor Trl	2.5		Pearland	Harris County	2022-10-14T14:54:08.611Z	86	2251 Camden Arbor Trl, Pearland, TX 77089	2251-Camden-Arbor-Trl,-Pearland,-TX-77089	2022-10-24T14:55:19.377Z	29.567646	2022-07-31T08:50:51.000Z	-95.242889		544075	Single Family	2251 Camden Arbor Trl, Pearland, TX 77089		2636	TX	Active		77089
3516 Lynette Cove Pl	2.5	3	Houston	Harris County	2022-10-01T14:53:24.254Z	86	3516 Lynette Cove Pl, Houston, TX 77018	3516-Lynette-Cove-Pl,-Houston,-TX-77018	2022-10-24T14:55:19.377Z	29.820154	2022-07-30T17:08:55.000Z	-95.430139	4433	584900	Single Family	3516 Lynette Cove Pl, Houston, TX 77018		2426	TX	Active	2021	77018
5436 Ne Arapahoe St	1	2	Houston	Harris County	2022-08-05T13:55:33.775Z	86	5436 Ne Arapahoe St, Houston, TX 77020	5436-Ne-Arapahoe-St,-Houston,-TX-77020	2022-10-24T14:55:19.377Z	29.770829	2022-07-30T19:44:22.000Z	-95.315818	4151	185000	Single Family	5436 NE Arapahoe St, Houston, TX 77020		1090	TX	Active	1942	77020
5218 Southlea St	1	3	Houston	Harris County	2022-08-05T13:55:33.779Z	86	5218 Southlea St, Houston, TX 77033	5218-Southlea-St,-Houston,-TX-77033	2022-10-24T14:55:19.376Z	29.683676	2022-07-30T18:45:18.000Z	-95.341569	6251	214900	Single Family	5218 Southlea St, Houston, TX 77033		1008	TX	Active	1955	77033
16123 Mersmann Rdg	2	4	Hockley	Harris County	2022-09-03T14:29:09.984Z	86	16123 Mersmann Rdg, Hockley, TX 77447	16123-Mersmann-Rdg,-Hockley,-TX-77447	2022-10-24T14:55:19.376Z	29.999388	2022-07-30T21:37:16.000Z	-95.796874		328740	Single Family	16123 Mersmann Rdg, Hockley, TX 77447		1748	TX	Active	2022	77447
39 Mott Ln	6	5	Piney Point Village	Harris County	2022-08-05T13:55:33.785Z	86	39 Mott Ln, Piney Point Village, TX 77024	39-Mott-Ln,-Piney-Point-Village,-TX-77024	2022-10-24T14:55:19.376Z	29.747408	2022-07-30T16:41:42.000Z	-95.519831	55143	3200000	Single Family	39 Mott Ln, Piney Point Village, TX 77024		6234	TX	Active	1992	77024
11010 Sageyork Dr	2	4	Houston	Harris County	2022-08-05T13:55:33.771Z	86	11010 Sageyork Dr, Houston, TX 77089	11010-Sageyork-Dr,-Houston,-TX-77089	2022-10-24T14:55:19.375Z	29.586902	2022-07-30T20:38:44.000Z	-95.232517	7832	309999	Single Family	11010 Sageyork Dr, Houston, TX 77089		2158	TX	Active	1972	77089
517 Leverkuhn St	2.5	2	Houston	Harris County	2022-08-05T13:55:33.771Z	86	517 Leverkuhn St, Houston, TX 77007	517-Leverkuhn-St,-Houston,-TX-77007	2022-10-24T14:55:19.375Z	29.767302	2022-07-30T20:38:44.000Z	-95.400992	1350	447000	Townhouse	517 Leverkuhn St, Houston, TX 77007		1834	TX	Active	1999	77007
3303 Parkwood Dr	2.5	3	Houston	Harris County	2022-08-05T13:21:19.917Z	86	3303 Parkwood Dr, Houston, TX 77021	3303-Parkwood-Dr,-Houston,-TX-77021	2022-10-24T14:55:19.373Z	29.708256	2022-07-30T22:53:29.000Z	-95.371136	13730	539900	Single Family	3303 Parkwood Dr, Houston, TX 77021		2539	TX	Active	1937	77021
11415 Legend Manor Dr	4.5	5	Houston	Harris County	2022-08-05T13:21:19.920Z	86	11415 Legend Manor Dr, Houston, TX 77082	11415-Legend-Manor-Dr,-Houston,-TX-77082	2022-10-24T14:55:19.372Z	29.719582	2022-07-30T21:59:24.000Z	-95.579758	11853	1360000	Single Family	11415 Legend Manor Dr, Houston, TX 77082		5422	TX	Active	2004	77082
3510 Lynette Cove Pl	2.5	3	Houston	Harris County	2022-10-01T14:53:24.255Z	86	3510 Lynette Cove Pl, Houston, TX 77018	3510-Lynette-Cove-Pl,-Houston,-TX-77018	2022-10-24T14:55:19.372Z	29.819932	2022-07-30T19:39:20.000Z	-95.430137	3447	554900	Single Family	3510 Lynette Cove Pl, Houston, TX 77018		2540	TX	Active	2022	77018
5543 Honor Dr	3.5	4	Houston	Harris County	2022-08-05T13:55:33.778Z	86	5543 Honor Dr, Houston, TX 77041	5543-Honor-Dr,-Houston,-TX-77041	2022-10-24T14:55:19.372Z	29.850478	2022-07-30T18:56:58.000Z	-95.608333	13913	639900	Single Family	5543 Honor Dr, Houston, TX 77041		3549	TX	Active	1993	77041
3905 Golf Dr	3	3	Houston	Harris County	2022-08-05T13:21:19.915Z	86	3905 Golf Dr, Houston, TX 77018	3905-Golf-Dr,-Houston,-TX-77018	2022-10-24T14:55:19.370Z	29.823138	2022-07-30T23:28:33.000Z	-95.424344	9074	999999	Single Family	3905 Golf Dr, Houston, TX 77018		3048	TX	Active	2005	77018
22919 Rosewood Trl	2	4	Tomball	Harris County	2022-08-05T13:21:19.915Z	86	22919 Rosewood Trl, Tomball, TX 77377	22919-Rosewood-Trl,-Tomball,-TX-77377	2022-10-24T14:55:19.370Z	30.096927	2022-07-31T00:12:50.000Z	-95.714131	55064	430000	Single Family	22919 Rosewood Trl, Tomball, TX 77377		2077	TX	Active	1981	77377
7954 Redland Woods Dr	2	3	Houston	Harris County	2022-08-05T13:21:19.915Z	86	7954 Redland Woods Dr, Houston, TX 77040	7954-Redland-Woods-Dr,-Houston,-TX-77040	2022-10-24T14:55:19.370Z	29.895913	2022-07-30T22:57:00.000Z	-95.518239	7196	350000	Single Family	7954 Redland Woods Dr, Houston, TX 77040		2165	TX	Active	2006	77040
11823 Parsifal Creek Rd	3	4	Humble	Harris County	2022-08-12T09:57:33.348Z	86	11823 Parsifal Creek Rd, Humble, TX 77346	11823-Parsifal-Creek-Rd,-Humble,-TX-77346	2022-10-24T14:55:19.370Z	29.958802	2022-07-31T00:00:00.000Z	-95.203412	8460	649603	Single Family	11823 Parsifal Creek Rd, Humble, TX 77346		3059	TX	Active	2022	77346
3218 Holly Crossing Dr	2.5	3	Houston	Harris County	2022-08-05T13:21:19.910Z	86	3218 Holly Crossing Dr, Houston, TX 77042	3218-Holly-Crossing-Dr,-Houston,-TX-77042	2022-10-24T14:55:19.369Z	29.729972	2022-07-31T02:03:54.000Z	-95.549712	2984	359500	Single Family	3218 Holly Crossing Dr, Houston, TX 77042		2376	TX	Active	2007	77042
11202 Flying Geese Ln	2.5	4	Tomball	Harris County	2022-08-05T13:21:19.908Z	86	11202 Flying Geese Ln, Unit 1, Tomball, TX 77375	11202-Flying-Geese-Ln,-Unit-1,-Tomball,-TX-77375	2022-10-24T14:55:19.369Z	30.046097	2022-07-31T02:50:09.000Z	-95.586059	5837	285000	Single Family	11202 Flying Geese Ln Unit 1, Tomball, TX 77375		2083	TX	Active	2007	77375
301 Granberry St	3.5	3	Humble	Harris County	2022-08-05T13:21:19.911Z	86	301 Granberry St, Humble, TX 77338	301-Granberry-St,-Humble,-TX-77338	2022-10-24T14:55:19.369Z	29.997126	2022-07-31T01:07:11.000Z	-95.263882	6599	635000	Single Family	301 Granberry St, Humble, TX 77338		4438	TX	Active	1925	77338
1215 Elmgrove Park Ln	3.5	4	Pasadena	Harris County	2022-08-05T13:21:19.915Z	86	1215 Elmgrove Park Ln, Pasadena, TX 77586	1215-Elmgrove-Park-Ln,-Pasadena,-TX-77586	2022-10-24T14:55:19.369Z	29.585733	2022-07-30T23:02:43.000Z	-95.055105	6599	410000	Single Family	1215 Elmgrove Park Ln, Pasadena, TX 77586		3852	TX	Active	1998	77586
3305 Sauer St	1	2	Houston	Harris County	2020-09-21T21:08:19.307Z	86	3305 Sauer St, Houston, TX 77004	3305-Sauer-St,-Houston,-TX-77004	2022-10-24T14:55:19.368Z	29.729657	2022-07-30T23:14:25.000Z	-95.359091	2587	223000	Single Family	3305 Sauer St, Houston, TX 77004		890	TX	Active	1936	77004
2247 Camden Arbor Trl	3.5		Pearland	Harris County	2022-10-14T14:55:26.008Z	86	2247 Camden Arbor Trl, Pearland, TX 77089	2247-Camden-Arbor-Trl,-Pearland,-TX-77089	2022-10-24T14:55:17.367Z	29.567774	2022-07-31T08:50:51.000Z	-95.243042		636310	Single Family	2247 Camden Arbor Trl, Pearland, TX 77089		3592	TX	Active		77089
1931 Heather Canyon Dr	2.5		Pearland	Harris County	2022-10-14T14:54:34.362Z	86	1931 Heather Canyon Dr, Pearland, TX 77089	1931-Heather-Canyon-Dr,-Pearland,-TX-77089	2022-10-24T14:55:17.366Z	29.567759	2022-07-31T08:50:51.000Z	-95.242111		532640	Single Family	1931 Heather Canyon Dr, Pearland, TX 77089		2949	TX	Active		77089
1927 Heather Canyon Dr	3.5		Pearland	Harris County	2022-10-19T14:53:50.440Z	86	1927 Heather Canyon Dr, Pearland, TX 77089	1927-Heather-Canyon-Dr,-Pearland,-TX-77089	2022-10-24T14:55:17.365Z	29.567879	2022-07-31T08:50:51.000Z	-95.241966		615545	Single Family	1927 Heather Canyon Dr, Pearland, TX 77089		3592	TX	Active		77089
201 Bylane Dr	5	5	Houston	Harris County	2022-08-05T13:21:19.900Z	86	201 Bylane Dr, Houston, TX 77024	201-Bylane-Dr,-Houston,-TX-77024	2022-10-24T14:55:17.365Z	29.751373	2022-07-31T14:35:54.000Z	-95.524593	24616	1895000	Single Family	201 Bylane Dr, Houston, TX 77024		4985	TX	Active	1997	77024
2323 Augusta Dr	2.5	2	Houston	Harris County	2022-08-05T13:21:19.885Z	85	2323 Augusta Dr, Apt 1, Houston, TX 77057	2323-Augusta-Dr,-Apt-1,-Houston,-TX-77057	2022-10-24T14:55:17.365Z	29.742241	2022-07-31T17:25:39.000Z	-95.481819		309999	Townhouse	2323 Augusta Dr Apt 1, Houston, TX 77057		2288	TX	Active	1976	77057
1113 Ave B	2.5	5	Katy	Harris County	2022-08-05T13:21:19.889Z	85	1113 Ave B, Katy, TX 77493	1113-Ave-B,-Katy,-TX-77493	2022-10-24T14:55:17.364Z	29.789707	2022-07-31T16:17:57.000Z	-95.822423	12502	779999	Single Family	1113 Avenue B, Katy, TX 77493		4293	TX	Active	1915	77493
11818 Spring Grove Dr	2.5	3	Houston	Harris County	2022-08-05T13:21:19.901Z	85	11818 Spring Grove Dr, Houston, TX 77099	11818-Spring-Grove-Dr,-Houston,-TX-77099	2022-10-24T14:55:17.364Z	29.669807	2022-07-31T15:32:05.000Z	-95.585936		255000	Single Family	11818 Spring Grove Dr, Houston, TX 77099		1833	TX	Active	1982	77099
19423 Maywood Falls Cir	3	4	Houston	Harris County	2022-08-05T13:21:19.883Z	85	19423 Maywood Falls Cir, Houston, TX 77084	19423-Maywood-Falls-Cir,-Houston,-TX-77084	2022-10-24T14:55:17.363Z	29.812742	2022-07-31T19:59:23.000Z	-95.709211	4726	299900	Single Family	19423 Maywood Falls Cir, Houston, TX 77084		2370	TX	Active	2002	77084
11127 Sherwood Forest Glen Dr	3.5	4	Houston	Harris County	2022-08-05T13:21:19.899Z	85	11127 Sherwood Forest Glen Dr, Houston, TX 77043	11127-Sherwood-Forest-Glen-Dr,-Houston,-TX-77043	2022-10-24T14:55:17.363Z	29.78871	2022-07-31T16:01:57.000Z	-95.580398	1808	409999	Single Family	11127 Sherwood Forest Glen Dr, Houston, TX 77043		2307	TX	Active	2004	77043
2001 Potomac Dr			Houston	Harris County	2022-08-05T13:21:19.885Z	85	2001 Potomac Dr, Houston, TX 77057	2001-Potomac-Dr,-Houston,-TX-77057	2022-10-24T14:55:17.362Z	29.746745	2022-07-31T17:58:24.000Z	-95.488306	12881	895000	Land	2001 Potomac Dr, Houston, TX 77057			TX	Active		77057
3118 Single Ridge Way	2.5	4	Katy	Harris County	2022-08-05T13:21:19.875Z	85	3118 Single Ridge Way, Katy, TX 77493	3118-Single-Ridge-Way,-Katy,-TX-77493	2022-10-24T14:55:17.362Z	29.819183	2022-07-31T21:09:02.000Z	-95.779158	6172	365000	Single Family	3118 Single Ridge Way, Katy, TX 77493		2832	TX	Active	2010	77493
11314 Hazen St	2	4	Houston	Harris County	2022-08-05T13:21:19.887Z	85	11314 Hazen St, Houston, TX 77072	11314-Hazen-St,-Houston,-TX-77072	2022-10-24T14:55:17.361Z	29.689819	2022-07-31T16:20:14.000Z	-95.579341	6599	245000	Single Family	11314 Hazen St, Houston, TX 77072		1752	TX	Active	1970	77072
3210 Same Way	4.5	4	Kingwood	Harris County	2022-08-05T13:11:37.163Z	85	3210 Same Way, Kingwood, TX 77339	3210-Same-Way,-Kingwood,-TX-77339	2022-10-24T14:55:17.361Z	30.083265	2022-07-31T23:34:29.000Z	-95.198298	6325	362500	Single Family	3210 Same Way, Kingwood, TX 77339		3660	TX	Active	2006	77339
3216 Binz St	3.5	4	Houston	Harris County	2022-08-05T13:11:37.167Z	85	3216 Binz St, Houston, TX 77004	3216-Binz-St,-Houston,-TX-77004	2022-10-24T14:55:17.361Z	29.713059	2022-07-31T22:02:58.000Z	-95.36837	6599	649900	Single Family	3216 Binz St, Houston, TX 77004		2959	TX	Active	1941	77004
18718 Fairmont Springs Ct	3.5	5	Cypress	Harris County	2022-08-05T13:21:19.879Z	85	18718 Fairmont Springs Ct, Cypress, TX 77429	18718-Fairmont-Springs-Ct,-Cypress,-TX-77429	2022-10-24T14:55:17.361Z	29.984151	2022-07-31T20:41:30.000Z	-95.710844	6730	460000	Single Family	18718 Fairmont Springs Ct, Cypress, TX 77429		3448	TX	Active	2016	77429
1201 Lindberg St	1.5	4	Baytown	Harris County	2022-08-05T13:11:37.166Z	85	1201 Lindberg St, Baytown, TX 77520	1201-Lindberg-St,-Baytown,-TX-77520	2022-10-24T14:55:17.360Z	29.729188	2022-07-31T23:32:58.000Z	-94.983983	5998	225000	Single Family	1201 Lindberg St, Baytown, TX 77520		1440	TX	Active	1950	77520
218 Ishmeal St	2	3	Houston	Harris County	2022-08-05T13:11:37.163Z	85	218 Ishmeal St, Houston, TX 77076	218-Ishmeal-St,-Houston,-TX-77076	2022-10-24T14:55:17.360Z	29.851127	2022-08-01T00:16:54.000Z	-95.401555	7126	329900	Single Family	218 Ishmeal St, Houston, TX 77076		1480	TX	Active	1960	77076
1011 Studemont St	1	1	Houston	Harris County	2021-04-18T14:49:39.222Z	85	1011 Studemont St, Ste 307, Houston, TX 77007	1011-Studemont-St,-Ste-307,-Houston,-TX-77007	2022-10-24T14:55:17.360Z	29.769605	2022-08-01T02:20:28.000Z	-95.391957		220000	Condo	1011 Studemont St Ste 307, Houston, TX 77007		717	TX	Active	2015	77007
4527 Donalbain Dr	2	3	Spring	Harris County	2022-08-05T13:11:37.160Z	85	4527 Donalbain Dr, Spring, TX 77373	4527-Donalbain-Dr,-Spring,-TX-77373	2022-10-24T14:55:17.359Z	30.04146	2022-08-01T03:28:37.000Z	-95.360579	7501	210000	Single Family	4527 Donalbain Dr, Spring, TX 77373		1284	TX	Active	1972	77373
22619 Theodoli Dr	2	3	Katy	Harris County	2022-08-05T13:11:37.159Z	85	22619 Theodoli Dr, Katy, TX 77449	22619-Theodoli-Dr,-Katy,-TX-77449	2022-10-24T14:55:17.359Z	29.834736	2022-08-01T02:06:30.000Z	-95.76742	7248	295000	Single Family	22619 Theodoli Dr, Katy, TX 77449		1568	TX	Active	2020	77449
7703 Muirfield Cir	2.5	5	Houston	Harris County	2022-08-05T13:11:37.160Z	85	7703 Muirfield Cir, Houston, TX 77095	7703-Muirfield-Cir,-Houston,-TX-77095	2022-10-24T14:55:17.359Z	29.890778	2022-08-01T01:52:31.000Z	-95.626868	9369	400000	Single Family	7703 Muirfield Cir, Houston, TX 77095		2780	TX	Active	1978	77095
16330 Sky Blue Ln	2	3	Houston	Harris County	2020-11-14T17:09:29.210Z	85	16330 Sky Blue Ln, Houston, TX 77095	16330-Sky-Blue-Ln,-Houston,-TX-77095	2022-10-24T14:55:17.358Z	29.881132	2022-08-01T07:04:26.000Z	-95.656171	6299	258000	Single Family	16330 Sky Blue Ln, Houston, TX 77095		1510	TX	Active	1983	77095
12827 Ashford Meadow Dr	2	3	Houston	Harris County	2022-08-05T13:11:37.158Z	85	12827 Ashford Meadow Dr, Houston, TX 77082	12827-Ashford-Meadow-Dr,-Houston,-TX-77082	2022-10-24T14:55:17.358Z	29.733387	2022-08-01T03:25:48.000Z	-95.612753	5005	265000	Single Family	12827 Ashford Meadow Dr, Houston, TX 77082		1779	TX	Active	1981	77082
3505 Delhi St	1	2	Houston	Harris County	2022-08-05T13:11:37.156Z	85	3505 Delhi St, Houston, TX 77022	3505-Delhi-St,-Houston,-TX-77022	2022-10-24T14:55:17.358Z	29.818428	2022-08-01T04:01:53.000Z	-95.387548	5998	220000	Single Family	3505 Delhi St, Houston, TX 77022		648	TX	Active	1940	77022
2318 Marble Falls Dr	2	3	Spring	Harris County	2022-08-05T13:11:37.157Z	85	2318 Marble Falls Dr, Spring, TX 77373	2318-Marble-Falls-Dr,-Spring,-TX-77373	2022-10-24T14:55:17.357Z	30.050658	2022-08-01T07:04:26.000Z	-95.400175	6826	260000	Single Family	2318 Marble Falls Dr, Spring, TX 77373		2295	TX	Active	1978	77373
22207 Nobles Crossing Dr	2	3	Spring	Harris County	2022-08-05T13:11:37.154Z	85	22207 Nobles Crossing Dr, Spring, TX 77373	22207-Nobles-Crossing-Dr,-Spring,-TX-77373	2022-10-24T14:55:17.357Z	30.035023	2022-08-01T07:04:26.000Z	-95.348314	6368	247000	Single Family	22207 Nobles Crossing Dr, Spring, TX 77373		1782	TX	Active	2000	77373
5602 Indigo St	2.5	4	Houston	Harris County	2022-08-05T13:11:37.157Z	85	5602 Indigo St, Houston, TX 77096	5602-Indigo-St,-Houston,-TX-77096	2022-10-24T14:55:17.357Z	29.686795	2022-08-01T04:08:01.000Z	-95.48682	12480	469000	Single Family	5602 Indigo St, Houston, TX 77096		2480	TX	Active	1965	77096
18702 Continental Pkwy			Humble	Harris County	2022-08-05T13:11:37.147Z	85	18702 Continental Pkwy, Humble, TX 77346	18702-Continental-Pkwy,-Humble,-TX-77346	2022-10-24T14:55:17.356Z	29.992123	2022-08-01T13:50:47.000Z	-95.199136	24224	99900	Land	18702 Continental Pkwy, Humble, TX 77346			TX	Active		77346
15907 Cavendish Dr	2	3	Houston	Harris County	2022-08-05T13:11:37.153Z	85	15907 Cavendish Dr, Houston, TX 77059	15907-Cavendish-Dr,-Houston,-TX-77059	2022-10-24T14:55:17.356Z	29.599123	2022-08-01T12:26:12.000Z	-95.117311	7362	274900	Single Family	15907 Cavendish Dr, Houston, TX 77059		1832	TX	Active	1976	77059
7522 Water Wood Trl	3.5	4	Humble	Harris County	2022-08-05T13:11:37.146Z	85	7522 Water Wood Trl, Humble, TX 77346	7522-Water-Wood-Trl,-Humble,-TX-77346	2022-10-24T14:55:17.356Z	30.013832	2022-08-01T13:50:47.000Z	-95.164286	10158	639900	Single Family	7522 Water Wood Trl, Humble, TX 77346		4284	TX	Active	2001	77346
8147 Theisswood Rd	2.5	4	Spring	Harris County	2022-08-05T13:11:37.155Z	85	8147 Theisswood Rd, Spring, TX 77379	8147-Theisswood-Rd,-Spring,-TX-77379	2022-10-24T14:55:17.355Z	30.025444	2022-08-01T07:04:26.000Z	-95.545215	10189	297000	Single Family	8147 Theisswood Rd, Spring, TX 77379		2479	TX	Active	1974	77379
7302 Echo Pines Dr	2	3	Humble	Harris County	2022-08-05T13:11:37.152Z	85	7302 Echo Pines Dr, Humble, TX 77346	7302-Echo-Pines-Dr,-Humble,-TX-77346	2022-10-24T14:55:17.355Z	29.989073	2022-08-01T07:04:26.000Z	-95.166872	7370	232000	Single Family	7302 Echo Pines Dr, Humble, TX 77346		1692	TX	Active	1982	77346
16506 Wellers Way	2	4	Houston	Harris County	2022-08-05T13:11:37.158Z	85	16506 Wellers Way, Houston, TX 77095	16506-Wellers-Way,-Houston,-TX-77095	2022-10-24T14:55:17.355Z	29.900798	2022-08-01T07:04:26.000Z	-95.660504	7314	303000	Single Family	16506 Wellers Way, Houston, TX 77095		2220	TX	Active	1987	77095
8528 Talton St	2	4	Houston	Harris County	2022-08-05T13:11:37.111Z	84	8528 Talton St, Houston, TX 77028	8528-Talton-St,-Houston,-TX-77028	2022-10-24T14:55:17.354Z	29.843448	2022-08-01T15:45:57.000Z	-95.267389	5287	269900	Single Family	8528 Talton St, Houston, TX 77028		1440	TX	Active	2022	77028
7123 Troulon Dr	2	3	Houston	Harris County	2022-08-05T13:09:19.740Z	84	7123 Troulon Dr, Houston, TX 77074	7123-Troulon-Dr,-Houston,-TX-77074	2022-10-24T14:55:17.354Z	29.690476	2022-08-01T17:58:01.000Z	-95.51114	7436	249500	Single Family	7123 Troulon Dr, Houston, TX 77074		1424	TX	Active	1960	77074
7144 Ave N	4	5	Houston	Harris County	2022-08-05T13:11:37.110Z	84	7144 Ave N, Houston, TX 77011	7144-Ave-N,-Houston,-TX-77011	2022-10-24T14:55:17.354Z	29.742987	2022-08-01T15:45:57.000Z	-95.29463	5001	299990	Single Family	7144 Avenue N, Houston, TX 77011		2306	TX	Active	1930	77011
12210 Oxford Crescent Cir	3.5	4	Houston	Harris County	2022-08-05T13:11:37.117Z	84	12210 Oxford Crescent Cir, Houston, TX 77082	12210-Oxford-Crescent-Cir,-Houston,-TX-77082	2022-10-24T14:55:17.354Z	29.734116	2022-08-01T15:21:05.000Z	-95.596382	1830	398500	Single Family	12210 Oxford Crescent Cir, Houston, TX 77082		2286	TX	Active	2017	77082
3502 Bellaire Blvd	2.5	3	Ace	Harris County	2022-08-05T13:11:37.146Z	85	3502 Bellaire Blvd, West University Pl, Ace, TX 77025	3502-Bellaire-Blvd,-West-University-Pl,-Ace,-TX-77025	2022-10-24T14:55:17.353Z	29.706347	2022-08-01T13:50:47.000Z	-95.431067	4150	549990	Townhouse	3502 Bellaire Blvd, West University Place, TX 77025		3552	TX	Active	1979	77025
14807 Hackenburg Branch Ct	2.5	4	Cypress	Harris County	2022-09-05T14:08:41.753Z	85	14807 Hackenburg Branch Ct, Cypress, TX 77433	14807-Hackenburg-Branch-Ct,-Cypress,-TX-77433	2022-10-24T14:55:17.353Z	29.964373	2022-08-01T14:36:27.000Z	-95.751048	8879	500165	Single Family	14807 Hackenburg Branch Ct, Cypress, TX 77433		2522	TX	Active	2022	77433
8100 Cambridge St	2	2	Houston	Harris County	2022-08-05T13:11:37.145Z	85	8100 Cambridge St, Apt 120, Houston, TX 77054	8100-Cambridge-St,-Apt-120,-Houston,-TX-77054	2022-10-24T14:55:17.353Z	29.688163	2022-08-01T13:50:47.000Z	-95.39291	162073	180000	Condo	8100 Cambridge St Apt 120, Houston, TX 77054		1299	TX	Active	1980	77054
6100 Stuebner Airline Rd			Houston	Harris County	2022-08-05T13:09:19.739Z	84	6100 Stuebner Airline Rd, Houston, TX 77091	6100-Stuebner-Airline-Rd,-Houston,-TX-77091	2022-10-24T14:55:17.352Z	29.853561	2022-08-01T17:58:01.000Z	-95.407748	212895	3500000	Land	6100 Stuebner Airline Rd, Houston, TX 77091			TX	Active		77091
17719 Holt Fleet Dr	2	3	Houston	Harris County	2022-08-06T13:48:37.638Z	84	17719 Holt Fleet Dr, Houston, TX 77044	17719-Holt-Fleet-Dr,-Houston,-TX-77044	2022-10-24T14:55:17.352Z	29.97765	2022-08-01T17:58:01.000Z	-95.158602	7623	267000	Single Family	17719 Holt Fleet Dr, Houston, TX 77044		1531	TX	Active	2018	77044
5927 Havenwoods Dr	2.5	4	Houston	Harris County	2022-08-06T13:48:37.636Z	84	5927 Havenwoods Dr, Houston, TX 77066	5927-Havenwoods-Dr,-Houston,-TX-77066	2022-10-24T14:55:17.352Z	29.970246	2022-08-01T17:58:01.000Z	-95.512857	9601	292000	Single Family	5927 Havenwoods Dr, Houston, TX 77066		2760	TX	Active	1973	77066
17319 Tall Cypress Dr	3.5	5	Spring	Harris County	2022-08-05T13:09:19.727Z	84	17319 Tall Cypress Dr, Spring, TX 77388	17319-Tall-Cypress-Dr,-Spring,-TX-77388	2022-10-24T14:55:17.351Z	30.028532	2022-08-01T17:58:01.000Z	-95.473732	9200	399000	Single Family	17319 Tall Cypress Dr, Spring, TX 77388		3125	TX	Active	1972	77388
6319 Cantigny Lake Dr	2	3	Katy	Harris County	2022-07-07T17:24:52.017Z	84	6319 Cantigny Lake Dr, Katy, TX 77493	6319-Cantigny-Lake-Dr,-Katy,-TX-77493	2022-10-24T14:55:17.339Z	29.865386	2022-08-01T17:58:01.000Z	-95.79853	6730	325000	Single Family	6319 Cantigny Lake Dr, Katy, TX 77493		1812	TX	Active	2021	77493
4418 Madden Ln	1	3	Houston	Harris County	2022-08-05T13:09:19.703Z	84	4418 Madden Ln, Houston, TX 77047	4418-Madden-Ln,-Houston,-TX-77047	2022-10-24T14:55:17.338Z	29.632801	2022-08-01T17:58:01.000Z	-95.358273	6146	140000	Single Family	4418 Madden Ln, Houston, TX 77047		1329	TX	Active	1957	77047
15602 Lago Villa Dr	2	3	Tomball	Harris County	2022-08-05T13:09:19.726Z	84	15602 Lago Villa Dr, Tomball, TX 77377	15602-Lago-Villa-Dr,-Tomball,-TX-77377	2022-10-24T14:55:17.338Z	30.001109	2022-08-01T17:58:01.000Z	-95.587239		335000	Single Family	15602 Lago Villa Dr, Tomball, TX 77377		1997	TX	Active	1981	77377
939 Memorial Village Dr	3	3	Houston	Harris County	2022-08-05T13:09:19.683Z	84	939 Memorial Village Dr, Unit 38, Houston, TX 77024	939-Memorial-Village-Dr,-Unit-38,-Houston,-TX-77024	2022-10-24T14:55:17.337Z	29.779484	2022-08-01T17:58:01.000Z	-95.533797	1165	382550	Condo	939 Memorial Village Dr Unit 38, Houston, TX 77024		1658	TX	Active	1978	77024
4537 Larch Ln			Bellaire	Harris County	2022-08-05T13:09:19.740Z	84	4537 Larch Ln, Bellaire, TX 77401	4537-Larch-Ln,-Bellaire,-TX-77401	2022-10-24T14:55:17.337Z	29.714167	2022-08-01T17:58:01.000Z	-95.453392	8751	540000	Land	4537 Larch Ln, Bellaire, TX 77401			TX	Active		77401
9721 Chatfield St			Houston	Harris County	2020-10-13T17:50:51.436Z	84	9721 Chatfield St, Houston, TX 77025	9721-Chatfield-St,-Houston,-TX-77025	2022-10-24T14:55:17.337Z	29.679763	2022-08-01T18:52:03.000Z	-95.428119	6547	299000	Land	9721 Chatfield St, Houston, TX 77025			TX	Active		77025
5218 Darnell St	3.5	3	Houston	Harris County	2022-08-05T13:09:19.669Z	84	5218 Darnell St, Houston, TX 77096	5218-Darnell-St,-Houston,-TX-77096	2022-10-24T14:55:17.336Z	29.687681	2022-08-01T18:39:35.000Z	-95.474041	8599	609000	Single Family	5218 Darnell St, Houston, TX 77096		3050	TX	Active	1955	77096
Kluge Rd			Cypress	Harris County	2022-09-05T14:08:41.743Z	84	Kluge Rd, Cypress, TX 77429	Kluge-Rd,-Cypress,-TX-77429	2022-10-24T14:55:17.336Z	29.974383	2022-08-01T19:09:23.000Z	-95.634517	122948	705625	Land	Kluge Rd, Cypress, TX 77429			TX	Active		77429
5203 Piedmont St	2.5	3	Houston	Harris County	2022-08-05T13:09:19.657Z	84	5203 Piedmont St, Unit A, Houston, TX 77016	5203-Piedmont-St,-Unit-A,-Houston,-TX-77016	2022-10-24T14:55:17.335Z	29.859912	2022-08-01T19:11:28.000Z	-95.316994	3550	295000	Single Family	5203 Piedmont St Unit A, Houston, TX 77016		1960	TX	Active	2022	77016
9022 Lupton Ct	5.5	5	Spring Valley Village	Harris County	2022-08-05T13:09:19.657Z	84	9022 Lupton Ct, Spring Valley Village, TX 77055	9022-Lupton-Ct,-Spring-Valley-Village,-TX-77055	2022-10-24T14:55:17.335Z	29.79301	2022-08-01T19:09:23.000Z	-95.513677	12689	1850000	Single Family	9022 Lupton Ct, Spring Valley Village, TX 77055		4796	TX	Active	2022	77055
13806 Gold Peak Dr	3	4	Cypress	Harris County	2022-08-05T13:09:19.647Z	84	13806 Gold Peak Dr, Cypress, TX 77429	13806-Gold-Peak-Dr,-Cypress,-TX-77429	2022-10-24T14:55:17.335Z	30.007447	2022-08-01T19:13:45.000Z	-95.633468	7072	579000	Single Family	13806 Gold Peak Dr, Cypress, TX 77429		2971	TX	Active	2019	77429
12227 Calico Falls Ln	3.5	4	Houston	Harris County	2022-08-05T13:09:19.727Z	84	12227 Calico Falls Ln, Houston, TX 77041	12227-Calico-Falls-Ln,-Houston,-TX-77041	2022-10-24T14:55:17.334Z	29.852984	2022-08-01T17:58:01.000Z	-95.59566	13081	640000	Single Family	12227 Calico Falls Ln, Houston, TX 77041		4259	TX	Active	2000	77041
8299 Cambridge St	1.5	1	Houston	Harris County	2022-08-05T13:09:19.682Z	84	8299 Cambridge St, Apt 1103, Houston, TX 77054	8299-Cambridge-St,-Apt-1103,-Houston,-TX-77054	2022-10-24T14:55:17.334Z	29.686467	2022-08-01T18:11:34.000Z	-95.394874	54785	129000	Townhouse	8299 Cambridge St Apt 1103, Houston, TX 77054		924	TX	Active	1981	77054
824 N Frandora Ln			Hedwig Village	Harris County	2022-08-05T13:09:19.623Z	84	824 N Frandora Ln, Lot 1, Hedwig Village, TX 77024	824-N-Frandora-Ln,-Lot-1,-Hedwig-Village,-TX-77024	2022-10-24T14:55:17.333Z	29.776138	2022-08-01T20:02:55.000Z	-95.527108	43560	1900000	Land	824 N Frandora Ln Lot 1, Hedwig Village, TX 77024			TX	Active		77024
84 E Broad Oaks Dr	4.5	4	Houston	Harris County	2022-08-05T13:09:19.647Z	84	84 E Broad Oaks Dr, Houston, TX 77056	84-E-Broad-Oaks-Dr,-Houston,-TX-77056	2022-10-24T14:55:17.333Z	29.76875	2022-08-01T19:26:48.000Z	-95.473126	4722	1395000	Single Family	84 E Broad Oaks Dr, Houston, TX 77056		4070	TX	Active	1996	77056
5117 W 43rd St	1	3	Houston	Harris County	2022-08-05T13:09:19.648Z	84	5117 W 43rd St, Houston, TX 77092	5117-W-43rd-St,-Houston,-TX-77092	2022-10-24T14:55:17.329Z	29.832117	2022-08-01T19:16:25.000Z	-95.467437	6600	260000	Single Family	5117 W 43rd St, Houston, TX 77092		1396	TX	Active	1955	77092
5047 Hazel Orchard Dr	3	4	Houston	Harris County	2022-09-05T14:08:41.742Z	84	5047 Hazel Orchard Dr, Houston, TX 77066	5047-Hazel-Orchard-Dr,-Houston,-TX-77066	2022-10-24T14:55:17.294Z	29.960599	2022-08-01T19:36:38.000Z	-95.493923	6000	412770	Single Family	5047 Hazel Orchard Dr, Houston, TX 77066		2080	TX	Active	2022	77066
Cabot St			Houston	Harris County	2022-09-05T14:08:41.741Z	84	Cabot St, Houston, TX 77078	Cabot-St,-Houston,-TX-77078	2022-10-24T14:55:17.293Z	29.854672	2022-08-01T21:04:18.000Z	-95.276783	7144	65000	Land	Cabot St, Houston, TX 77078			TX	Active		77078
4626 Medrano Trl	2.5	3	Katy	Harris County	2022-09-05T14:08:41.741Z	84	4626 Medrano Trl, Katy, TX 77449	4626-Medrano-Trl,-Katy,-TX-77449	2022-10-24T14:55:17.292Z	29.833847	2022-08-01T20:17:28.000Z	-95.725955		378140	Single Family	4626 Medrano Trl, Katy, TX 77449		1869	TX	Active	2022	77449
6018 Marsh Lake Ct	3.5	4	Katy	Harris County	2022-09-05T14:08:41.738Z	84	6018 Marsh Lake Ct, Katy, TX 77493	6018-Marsh-Lake-Ct,-Katy,-TX-77493	2022-10-24T14:55:17.292Z	29.861187	2022-08-01T21:13:16.000Z	-95.7972	8220	572164	Single Family	6018 Marsh Lake Ct, Katy, TX 77493		3001	TX	Active	2022	77493
5131 Spring Forest Dr	2.5	3	Houston	Harris County	2022-08-05T12:54:48.601Z	84	5131 Spring Forest Dr, Houston, TX 77091	5131-Spring-Forest-Dr,-Houston,-TX-77091	2022-10-24T14:55:17.292Z	29.845064	2022-08-01T21:17:00.000Z	-95.469067	4069	255000	Single Family	5131 Spring Forest Dr, Houston, TX 77091		1810	TX	Active	1976	77091
8005 Ridgeview Dr			Houston	Harris County	2022-08-05T12:54:48.597Z	84	8005 Ridgeview Dr, Houston, TX 77055	8005-Ridgeview-Dr,-Houston,-TX-77055	2022-10-24T14:55:17.291Z	29.809657	2022-08-01T21:38:55.000Z	-95.489778	7523	310000	Land	8005 Ridgeview Dr, Houston, TX 77055			TX	Active		77055
17723 Fieldglen Dr	2	3	Houston	Harris County	2022-08-05T12:54:48.599Z	84	17723 Fieldglen Dr, Houston, TX 77084	17723-Fieldglen-Dr,-Houston,-TX-77084	2022-10-24T14:55:17.291Z	29.873395	2022-08-01T21:19:25.000Z	-95.680086	6599	230000	Single Family	17723 Fieldglen Dr, Houston, TX 77084		1716	TX	Active	1980	77084
FM 2100 Rd			Crosby	Harris County	2020-09-21T20:54:36.849Z	84	FM 2100 Rd, Crosby, TX 77532	FM-2100-Rd,-Crosby,-TX-77532	2022-10-24T14:55:17.290Z	29.975284	2022-08-01T21:53:45.000Z	-95.087721	264017	875000	Land	FM 2100 Rd, Crosby, TX 77532			TX	Active		77532
2447 Areba St	2	3	Houston	Harris County	2022-08-09T13:38:39.027Z	84	2447 Areba St, Houston, TX 77091	2447-Areba-St,-Houston,-TX-77091	2022-10-24T14:55:17.290Z	29.860594	2022-08-01T21:44:44.000Z	-95.448171	7501	210000	Single Family	2447 Areba St, Houston, TX 77091		1980	TX	Active	2008	77091
1638 Waterview Ln			Kingwood	Harris County	2022-08-11T13:54:46.492Z	84	1638 Waterview Ln, Lots 05 & 06, Kingwood, TX 77339	1638-Waterview-Ln,-Lots-05-&-06,-Kingwood,-TX-77339	2022-10-24T14:55:17.289Z	30.052919	2022-08-01T23:31:43.000Z	-95.229445	7475	195000	Land	1638 Waterview Ln Lots 05 & 06, Kingwood, TX 77339			TX	Active		77339
4343 Hwy 90 Fwy	3	4	Crosby	Harris County	2022-08-05T12:54:48.598Z	84	4343 Hwy 90 Fwy, Crosby, TX 77532	4343-Hwy-90-Fwy,-Crosby,-TX-77532	2022-10-24T14:55:17.289Z	29.913212	2022-08-01T21:59:29.000Z	-95.047866	49820	599900	Single Family	4343 Hwy 90 Fwy, Crosby, TX 77532		1000	TX	Active	1980	77532
11619 Greenbay St			Bunker Hill Village	Harris County	2022-08-05T12:54:48.595Z	84	11619 Greenbay St, Bunker Hill Village, TX 77024	11619-Greenbay-St,-Bunker-Hill-Village,-TX-77024	2022-10-24T14:55:17.288Z	29.762031	2022-08-01T22:05:37.000Z	-95.522826	87047	3499950	Land	11619 Greenbay St, Bunker Hill Village, TX 77024			TX	Active		77024
703 W 42nd St	3.5	4	Houston	Harris County	2022-08-05T12:54:48.594Z	84	703 W 42nd St, Houston, TX 77018	703-W-42nd-St,-Houston,-TX-77018	2022-10-24T14:55:17.288Z	29.825398	2022-08-01T22:18:50.000Z	-95.410879	15211	1350000	Single Family	703 W 42nd St, Houston, TX 77018		3500	TX	Active	2022	77018
2228 Clements Shore Ln	3.5	4	La Porte	Harris County	2022-08-05T15:32:26.639Z	84	2228 Clements Shore Ln, La Porte, TX 77571	2228-Clements-Shore-Ln,-La-Porte,-TX-77571	2022-10-24T14:55:17.288Z	29.6593282044642	2022-08-02T00:02:54.000Z	-95.0490380202159		479542	Single Family	2228 Clements Shore Ln, La Porte, TX 77571		3208	TX	Active		77571
2351 Vanessa Cay Ln	2	3	La Porte	Harris County	2022-08-05T16:13:33.121Z	84	2351 Vanessa Cay Ln, La Porte, TX 77571	2351-Vanessa-Cay-Ln,-La-Porte,-TX-77571	2022-10-24T14:55:17.287Z	29.6593282044642	2022-08-02T00:02:54.000Z	-95.0490380202159		339273	Single Family	2351 Vanessa Cay Ln, La Porte, TX 77571		1802	TX	Active		77571
727 Bunker Hill Rd	2.5	3	Houston	Harris County	2022-08-05T12:54:48.590Z	84	727 Bunker Hill Rd, Apt 112, Houston, TX 77024	727-Bunker-Hill-Rd,-Apt-112,-Houston,-TX-77024	2022-10-24T14:55:17.287Z	29.774728	2022-08-01T23:08:53.000Z	-95.531856	1320	298500	Townhouse	727 Bunker Hill Rd Apt 112, Houston, TX 77024		2016	TX	Active	1982	77024
2826 S Bartell Dr	1	2	Houston	Harris County	2022-08-05T12:54:48.580Z	84	2826 S Bartell Dr, Apt 34, Houston, TX 77054	2826-S-Bartell-Dr,-Apt-34,-Houston,-TX-77054	2022-10-24T14:55:17.286Z	29.681797	2022-08-02T01:05:19.000Z	-95.420494	27460	87500	Condo	2826 S Bartell Dr Apt 34, Houston, TX 77054		825	TX	Active	1984	77054
905 E Fayle St	1	1	Baytown	Harris County	2022-08-05T12:54:48.581Z	84	905 E Fayle St, Unit 1-6, Baytown, TX 77520	905-E-Fayle-St,-Unit-1-6,-Baytown,-TX-77520	2022-10-24T14:55:17.286Z	29.735106	2022-08-02T01:12:17.000Z	-94.955302	12166	435000	Duplex-Triplex	905 E Fayle St Unit 1-6, Baytown, TX 77520		2660	TX	Active	1960	77520
18738 Ebony Grove Trl	3	4	Cypress	Harris County	2022-09-04T14:45:18.026Z	84	18738 Ebony Grove Trl, Cypress, TX 77433	18738-Ebony-Grove-Trl,-Cypress,-TX-77433	2022-10-24T14:55:17.286Z	29.92659	2022-08-02T00:03:52.000Z	-95.736776	5626	549990	Single Family	18738 Ebony Grove Trl, Cypress, TX 77433		2617	TX	Active	2022	77433
2506 11th St	2	5	Galena Park	Harris County	2022-05-26T16:08:57.416Z	84	2506 11th St, Galena Park, TX 77547	2506-11th-St,-Galena-Park,-TX-77547	2022-10-24T14:55:17.285Z	29.740225	2022-08-02T00:26:32.000Z	-95.252327	6029	218000	Single Family	2506 11th St, Galena Park, TX 77547		2416	TX	Active	1951	77547
412 Peden St	1	2	Houston	Harris County	2022-08-05T12:54:48.580Z	84	412 Peden St, Houston, TX 77006	412-Peden-St,-Houston,-TX-77006	2022-10-24T14:55:17.284Z	29.752808	2022-08-02T03:17:28.000Z	-95.387022	4705	749990	Duplex-Triplex	412 Peden St, Houston, TX 77006		2361	TX	Active	1930	77006
4230 Annawood Cir	2.5	4	Spring	Harris County	2022-08-05T12:54:48.577Z	84	4230 Annawood Cir, Spring, TX 77388	4230-Annawood-Cir,-Spring,-TX-77388	2022-10-24T14:55:17.284Z	30.029835	2022-08-02T01:26:38.000Z	-95.477438	9775	349900	Single Family	4230 Annawood Cir, Spring, TX 77388		3559	TX	Active	1971	77388
Foxshire Ln			Houston	Harris County	2022-08-05T12:54:48.571Z	84	Foxshire Ln, Houston, TX 77047	Foxshire-Ln,-Houston,-TX-77047	2022-10-24T14:55:17.284Z	29.602954	2022-08-02T03:41:30.000Z	-95.420782	5001	54950	Land	Foxshire Ln, Houston, TX 77047			TX	Active		77047
3208 Simmons St			Houston	Harris County	2022-08-05T12:54:48.574Z	84	3208 Simmons St, Lot 2, Houston, TX 77004	3208-Simmons-St,-Lot-2,-Houston,-TX-77004	2022-10-24T14:55:17.284Z	29.729008	2022-08-02T02:35:36.000Z	-95.358731	4400	140000	Land	3208 Simmons St Lot 2, Houston, TX 77004			TX	Active		77004
7307 Wooded Valley Dr	2.5	4	Houston	Harris County	2020-09-22T00:58:23.177Z	84	7307 Wooded Valley Dr, Houston, TX 77095	7307-Wooded-Valley-Dr,-Houston,-TX-77095	2022-10-24T14:55:17.283Z	29.884894	2022-08-02T03:17:28.000Z	-95.639784	8329	345000	Single Family	7307 Wooded Valley Dr, Houston, TX 77095		2886	TX	Active	1994	77095
8536 Dairy View Ln	2.5	3	Houston	Harris County	2021-04-18T13:34:42.568Z	84	8536 Dairy View Ln, Houston, TX 77072	8536-Dairy-View-Ln,-Houston,-TX-77072	2022-10-24T14:55:17.283Z	29.685629	2022-08-02T03:17:28.000Z	-95.60136	2186	185000	Townhouse	8536 Dairy View Ln, Houston, TX 77072		1566	TX	Active	1977	77072
17753 S Cypress Villas Dr	2.5	4	Spring	Harris County	2022-08-05T12:50:26.340Z	84	17753 S Cypress Villas Dr, Spring, TX 77379	17753-S-Cypress-Villas-Dr,-Spring,-TX-77379	2022-10-24T14:55:17.282Z	30.029024	2022-08-02T06:39:13.000Z	-95.483862	5846	245000	Single Family	17753 S Cypress Villas Dr, Spring, TX 77379		2511	TX	Active	1985	77379
10 S Briar Hollow Ln			Houston	Harris County	2022-08-05T12:50:26.340Z	84	10 S Briar Hollow Ln, Unit 31, Houston, TX 77027	10-S-Briar-Hollow-Ln,-Unit-31,-Houston,-TX-77027	2022-10-24T14:55:17.282Z	29.753354	2022-08-02T06:39:13.000Z	-95.450493	2174	95000	Land	10 S Briar Hollow Ln Unit 31, Houston, TX 77027			TX	Active		77027
6446 Pomegranate Blossom Dr	3	3	Katy	Harris County	2022-09-03T14:28:29.329Z	84	6446 Pomegranate Blossom Dr, Katy, TX 77493	6446-Pomegranate-Blossom-Dr,-Katy,-TX-77493	2022-10-24T14:55:17.281Z	29.865831	2022-08-02T14:26:57.000Z	-95.783423		423806	Townhouse	6446 Pomegranate Blossom Dr, Katy, TX 77493		1979	TX	Active	2023	77493