SALE TYPE,SOLD DATE,PROPERTY TYPE,CITY,STATE OR PROVINCE,ZIP OR POSTAL CODE,PRICE,BEDS,BATHS,LOCATION,SQUARE FEET,LOT SIZE,YEAR BUILT,DAYS ON MARKET,DOLLAR PER SQUARE FEET,HOA PER MONTH,STATUS,NEXT OPEN HOUSE START TIME,NEXT OPEN HOUSE END TIME,SOURCE,MLS,FAVORITE,INTERESTED,LATITUDE,LONGITUDE
MLS Listing,,Single Family Residential,New Caney,TX,77357,355000,3,2.5,Arbor Oaks,1787,39988,1991,1,199,,Active,,,HARMLS,57097216,N,Y,30.1887678,-95.2544674
MLS Listing,,Single Family Residential,Houston,TX,77082,388000,5,3.5,Ashton Village,3138,6913,1989,1,124,52,Active,October-23-2022 12:00 PM,October-23-2022 02:00 PM,HARMLS,12342861,N,Y,29.7244063,-95.6070812
MLS Listing,,Single Family Residential,Cypress,TX,77429,605800,4,3,Parkarbordale,3859,8750,2013,1,157,98,Active,,,HARMLS,91711789,N,Y,29.9773658,-95.6639953
MLS Listing,,Single Family Residential,Houston,TX,77056,1389000,4,4,Briarcroft,4033,8750,2015,2,344,59,Active,October-23-2022 01:00 PM,October-23-2022 03:00 PM,HARMLS,9279839,N,Y,29.7391838,-95.4762042
MLS Listing,,Single Family Residential,Spring,TX,77386,379000,4,2,Harmony Spgs,2274,6712,2014,3,167,67,Active,,,HARMLS,22520866,N,Y,30.099572,-95.3803571
MLS Listing,,Single Family Residential,Houston,TX,77055,715000,4,3.5,Hilshire Park,3250,3070,2002,3,220,273,Active,,,HARMLS,94655624,N,Y,29.7952704,-95.4957041
MLS Listing,,Single Family Residential,La Marque,TX,77568,290000,4,2.5,Westerlage Unrec Sub 90,2404,18000,1978,4,121,,Active,October-23-2022 02:00 PM,October-23-2022 04:00 PM,HARMLS,967093,N,Y,29.3664385,-94.9551593
MLS Listing,,Single Family Residential,Spring,TX,77386,330000,4,2.5,Imperial Oaks,2331,8937,1992,1,142,42,Active,,,HARMLS,28829309,N,Y,30.1259195,-95.4070245
MLS Listing,,Single Family Residential,Missouri City,TX,77459,540000,5,4,Sienna Village Of Destrehan,3156,7523,2016,8,171,109,Active,,,HARMLS,93804269,N,Y,29.4840856,-95.5196421
MLS Listing,,Single Family Residential,Spring,TX,77373,188000,2,1.5,Cypress Trails Timberlane,1025,2986,1983,9,183,28,Active,,,HARMLS,51287664,N,Y,30.0506545,-95.3848963
MLS Listing,,Single Family Residential,Katy,TX,77449,325000,4,2,Ventana Lakes East,1805,8192,2020,9,180,68,Active,,,HARMLS,36688556,N,Y,29.8341468,-95.7666663
MLS Listing,,Single Family Residential,Pearland,TX,77089,339900,3,2,Riverstone Ranchclear Crk Sec,1736,7148,2019,10,196,69,Active,,,HARMLS,39656211,N,Y,29.5751315,-95.2477762
MLS Listing,,Single Family Residential,Kemah,TX,77565,650000,3,3,Lazy Bend,2503,7413,1983,11,260,,Active,,,HARMLS,71801120,N,Y,29.5450469,-95.0275719
MLS Listing,,Single Family Residential,Houston,TX,77004,510000,3,3.5,Hutchins Street Villas,2560,2654,2015,9,199,,Active,,,HARMLS,80842726,N,Y,29.7394401,-95.3638707
MLS Listing,,Single Family Residential,Spring,TX,77373,315000,3,2.5,Breckenridge Park Prcl Rp 2,2329,4594,2018,15,135,29,Active,,,HARMLS,49584541,N,Y,30.0654762,-95.3690722
MLS Listing,,Single Family Residential,Houston,TX,77025,395000,3,3.5,Woodwind Estates Amd 1,2161,2152,2011,15,183,233,Active,,,HARMLS,28049964,N,Y,29.6734988,-95.4443877
MLS Listing,,Single Family Residential,Houston,TX,77026,175000,2,1.5,Stannard Place,1120,7480,1945,16,156,,Active,,,HARMLS,23816188,N,Y,29.8051153,-95.3125892
MLS Listing,,Single Family Residential,Montgomery,TX,77316,515000,4,3.5,Woodforest,2878,6800,2020,16,179,105,Active,,,HARMLS,24656380,N,Y,30.291752,-95.554672
MLS Listing,,Single Family Residential,Katy,TX,77450,310000,4,2.5,Memorial Pkwy,2266,7475,1977,16,137,35,Active,,,HARMLS,25240789,N,Y,29.764679,-95.7421802
MLS Listing,,Single Family Residential,Katy,TX,77494,634999,5,4.5,Silver Ranch,4323,8070,2014,16,147,71,Active,,,HARMLS,5199039,N,Y,29.7350146,-95.8289349
MLS Listing,,Single Family Residential,Kingwood,TX,77339,364900,2,2,Kings Xing Amd,2395,7314,1990,16,152,54,Active,,,HARMLS,98825212,N,Y,30.0622222,-95.1885286
MLS Listing,,Single Family Residential,Houston,TX,77066,420000,4,2.5,Klein Arbor,3012,4230,2015,16,139,52,Active,,,HARMLS,35692395,N,Y,29.9627737,-95.4909923
MLS Listing,,Single Family Residential,Houston,TX,77086,289000,4,3.5,Northwest Park Place Sec 03,2440,5500,2002,17,118,32,Active,,,HARMLS,57235224,N,Y,29.9180092,-95.4768651
MLS Listing,,Single Family Residential,Katy,TX,77494,647800,5,4,Pine Mill Ranch,4100,8043,2013,17,158,63,Active,,,HARMLS,8349780,N,Y,29.7329979,-95.8383921
MLS Listing,,Single Family Residential,Humble,TX,77346,420000,4,3,Kings River Village,3005,9254,2001,18,140,40,Active,,,HARMLS,40547789,N,Y,30.0145671,-95.163918
MLS Listing,,Single Family Residential,Houston,TX,77018,762000,4,2.5,Candlelight Woods,2378,11994,1963,17,320,6,Active,,,HARMLS,91318742,N,Y,29.8391539,-95.4553658
MLS Listing,,Single Family Residential,Pearland,TX,77584,580000,4,3.5,Southlake,2937,10043,2019,15,197,91,Active,,,HARMLS,46329385,N,Y,29.5507788,-95.4318151
MLS Listing,,Single Family Residential,Cypress,TX,77429,550000,3,3,Enchanted Valley Sec 03,3009,18000,2003,7,183,46,Active,,,HARMLS,19639711,N,Y,29.9593849,-95.6402498
MLS Listing,,Single Family Residential,Katy,TX,77494,465000,4,2,Canyon Lakes At Cardiff Ranch,2534,7622,2014,22,184,92,Active,,,HARMLS,26407377,N,Y,29.7329895,-95.8426781
MLS Listing,,Single Family Residential,Conroe,TX,77301,325000,4,2,Ladera Creek,1932,,2022,22,168,52,Active,,,HARMLS,31005598,N,Y,30.3021481,-95.4162901
MLS Listing,,Single Family Residential,Rosharon,TX,77583,330000,3,2,Glendale Lakes,1837,5094,2019,23,180,46,Active,October-23-2022 12:00 PM,October-23-2022 02:00 PM,HARMLS,67539882,N,Y,29.4852053,-95.4619931
MLS Listing,,Single Family Residential,Rosharon,TX,77583,348000,4,2.5,Southern Colony Sec 4-c,2600,7645,2020,23,134,42,Active,,,HARMLS,86699858,N,Y,29.4616261,-95.4595772
MLS Listing,,Single Family Residential,Houston,TX,77033,195000,3,1,Southcrest,1181,7056,1952,24,165,,Active,,,HARMLS,60203905,N,Y,29.6769891,-95.3303223
MLS Listing,,Single Family Residential,Houston,TX,77044,599000,5,3.5,Summerwood,4318,10935,2007,23,139,75,Active,,,HARMLS,58557820,N,Y,29.9200037,-95.1811992
MLS Listing,,Single Family Residential,Houston,TX,77044,394900,4,2.5,Summerwood,3197,7394,2012,24,124,77,Active,,,HARMLS,22222528,N,Y,29.9155666,-95.1591112
MLS Listing,,Single Family Residential,Magnolia,TX,77354,269900,4,2,Magnolia Ridge Forest,1302,6114,2021,26,207,33,Active,,,HARMLS,34946249,N,Y,30.214001,-95.730259
MLS Listing,,Single Family Residential,Richmond,TX,77469,360000,4,3.5,Tara Colony Sec 1,2978,7410,2000,30,121,29,Active,,,HARMLS,47039071,N,Y,29.5385719,-95.6997753
MLS Listing,,Single Family Residential,Rosenberg,TX,77471,355000,3,2,Kingdom Heights,2326,7973,2018,30,153,55,Active,,,HARMLS,16425620,N,Y,29.5984966,-95.807842
MLS Listing,,Single Family Residential,Splendora,TX,77372,360000,3,2,Lakeland Club,1921,120000,1968,1,187,,Active,,,HARMLS,55283620,N,Y,30.19048,-95.1624514
MLS Listing,,Single Family Residential,Sugar Land,TX,77479,543210,4,3.5,Millwood At Riverstone,3414,6325,2013,29,159,93,Active,,,HARMLS,74303858,N,Y,29.5283796,-95.5638404
MLS Listing,,Single Family Residential,Houston,TX,77070,287000,4,2.5,Villaswillowbrook,2054,2380,2016,26,140,58,Active,,,HARMLS,75046097,N,Y,29.9729227,-95.5547327
MLS Listing,,Single Family Residential,Houston,TX,77098,925000,3,2,Greenbriar Add,1768,7017,1939,30,523,,Active,October-23-2022 02:00 PM,October-23-2022 04:00 PM,HARMLS,9894942,N,Y,29.7272909,-95.4134785
MLS Listing,,Single Family Residential,Richmond,TX,77407,350000,3,2,Lost Creek Sec 2,1699,15991,2006,32,206,62,Active,,,HARMLS,97809850,N,Y,29.6980409,-95.7574505
MLS Listing,,Single Family Residential,Tomball,TX,77375,495000,4,3.5,Albury Trls Estates,3592,7625,2013,29,138,51,Active,,,HARMLS,96515418,N,Y,30.0673009,-95.5812152
MLS Listing,,Single Family Residential,Houston,TX,77024,2725000,5,5.5,Valley Forge,6488,24750,1998,31,420,,Active,,,HARMLS,76200591,N,Y,29.7661784,-95.5315047
MLS Listing,,Single Family Residential,Katy,TX,77494,595000,4,3.5,Avalon At Seven Meadows,3078,7800,2004,36,193,100,Active,,,HARMLS,966817,N,Y,29.7169945,-95.7905035
MLS Listing,,Single Family Residential,Spring,TX,77379,515000,4,3.5,Oaks Terranova West,3771,10000,1997,36,137,74,Active,,,HARMLS,76057000,N,Y,30.0229035,-95.5032434
MLS Listing,,Single Family Residential,Houston,TX,77068,299999,4,2.5,Cypress Crk Xing,2703,5861,2015,30,111,63,Active,,,HARMLS,67654356,N,Y,29.9920342,-95.4965234
MLS Listing,,Single Family Residential,Pasadena,TX,77502,219000,3,2,Pasadena Highlands,1402,11400,1948,36,156,,Active,,,HARMLS,59223694,N,Y,29.6878031,-95.2138838
MLS Listing,,Single Family Residential,Houston,TX,77069,462000,4,3.5,Huntwick Forest Sec 05,3074,11520,1982,37,150,13,Active,,,HARMLS,90278162,N,Y,29.9930041,-95.5175055
MLS Listing,,Single Family Residential,Manvel,TX,77578,470000,4,3.5,Sedona Lakes Sec 1,3057,8825,2011,37,154,71,Active,,,HARMLS,58443235,N,Y,29.5248649,-95.3732833
MLS Listing,,Single Family Residential,Sugar Land,TX,77479,500000,4,3.5,Colony Meadows,3213,8395,1990,37,156,68,Active,,,HARMLS,49019666,N,Y,29.5834648,-95.6240895
MLS Listing,,Single Family Residential,Houston,TX,77070,400000,4,3,Norchester Sec 01,3066,10200,1970,36,130,54,Active,,,HARMLS,79188472,N,Y,29.9730763,-95.580292
MLS Listing,,Single Family Residential,Katy,TX,77449,340000,5,2.5,Raintree Village Sec 03 Prcl R,2270,6206,1999,37,150,36,Active,,,HARMLS,4801220,N,Y,29.8145538,-95.7338079
MLS Listing,,Single Family Residential,Houston,TX,77021,340000,4,2.5,Macgregor Park Estates Sec 03,1925,7044,2015,37,177,,Active,,,HARMLS,23662584,N,Y,29.7032013,-95.3385403
MLS Listing,,Single Family Residential,Cypress,TX,77433,282000,3,2,Pine Crkcanyon Lake West,1486,5958,2013,37,190,96,Active,,,HARMLS,2260224,N,Y,29.8964463,-95.7221051
MLS Listing,,Single Family Residential,Houston,TX,77055,595000,3,3.5,Reservemoritz,2826,2713,2017,38,211,196,Active,,,HARMLS,76324025,N,Y,29.8021708,-95.4967795
MLS Listing,,Single Family Residential,Katy,TX,77493,305000,4,2,Katy Crossing,1584,6053,2019,38,193,54,Active,,,HARMLS,34875062,N,Y,29.8556705,-95.8204062
MLS Listing,,Single Family Residential,League City,TX,77573,319900,3,2,Austin Park 2006,1977,7200,2007,34,162,23,Active,,,HARMLS,804797,N,Y,29.5069305,-95.0650942
MLS Listing,,Single Family Residential,Tomball,TX,77375,650000,4,3.5,Woodlands Creekside Park West,3379,12136,2014,44,192,,Active,,,HARMLS,60235070,N,Y,30.1387494,-95.5599436
MLS Listing,,Single Family Residential,Cypress,TX,77429,460000,4,3.5,Hayden Lakes,2707,6096,2017,44,170,78,Active,,,HARMLS,97668897,N,Y,30.0361182,-95.6454138
MLS Listing,,Single Family Residential,Houston,TX,77096,320000,3,2,Maplewood South Sec 07 Rp,2031,8280,1965,44,158,41,Active,,,HARMLS,75349789,N,Y,29.6707315,-95.5005074
MLS Listing,,Single Family Residential,Porter,TX,77365,510500,4,3.5,Woodridge Forest,4100,7625,2016,45,125,66,Active,,,HARMLS,87516684,N,Y,30.073548,-95.2265248
MLS Listing,,Single Family Residential,Houston,TX,77021,375000,3,3.5,Belmont Sec 01,2742,2765,2019,45,137,,Active,,,HARMLS,25513446,N,Y,29.701222,-95.3507184
MLS Listing,,Single Family Residential,Fulshear,TX,77441,750000,5,4.5,Creek Cove At Cross Creek Ranch Sec 7,3801,9716,2017,45,197,108,Active,,,HARMLS,74013561,N,Y,29.7215241,-95.8593309
MLS Listing,,Single Family Residential,Magnolia,TX,77354,313900,4,2.5,Magnolia Ridge Forest,2273,9658,2021,34,138,33,Active,,,HARMLS,10229845,N,Y,30.2112246,-95.7322241
MLS Listing,,Single Family Residential,Houston,TX,77020,364999,3,2.5,Augusta Estates Amd,2283,2500,2019,47,160,,Active,,,HARMLS,12830674,N,Y,29.7774637,-95.3225247
MLS Listing,,Single Family Residential,Houston,TX,77079,600000,4,2.5,Wilchester Sec 03,2593,9450,1969,52,231,61,Active,,,HARMLS,43024537,N,Y,29.7762615,-95.5753206
MLS Listing,,Single Family Residential,Missouri City,TX,77459,660000,5,4.5,Sienna,3757,8938,2020,58,176,109,Active,,,HARMLS,60900999,N,Y,29.4798129,-95.5346821
MLS Listing,,Single Family Residential,Houston,TX,77016,185000,3,2,Northwood Manor Sec 02,1404,6300,1955,58,132,,Active,,,HARMLS,89829634,N,Y,29.877987,-95.2949233
MLS Listing,,Single Family Residential,Houston,TX,77035,425000,3,2,Westbury,2327,8400,1959,59,183,,Active,,,HARMLS,60532334,N,Y,29.6611366,-95.4668474
MLS Listing,,Single Family Residential,Katy,TX,77449,425000,5,3.5,Ricewood Village,4444,6590,2011,59,96,40,Active,,,HARMLS,45494291,N,Y,29.8405272,-95.7245318
MLS Listing,,Single Family Residential,Houston,TX,77089,360000,3,2.5,College Place,2306,5527,2008,59,156,29,Active,,,HARMLS,66817872,N,Y,29.5802772,-95.19721
MLS Listing,,Single Family Residential,Houston,TX,77030,775000,3,2,Southgate,1744,6177,1959,18,444,,Active,,,HARMLS,15115209,N,Y,29.7112122,-95.4070245
MLS Listing,,Single Family Residential,Humble,TX,77346,399000,4,2.5,Eagle Spgs,2715,7744,2003,21,147,77,Active,,,HARMLS,72240337,N,Y,29.9806848,-95.1838827
MLS Listing,,Single Family Residential,Rosenberg,TX,77469,445000,4,3.5,Walnut Creek,3022,8266,2017,65,147,50,Active,,,HARMLS,81972788,N,Y,29.516928,-95.733595
MLS Listing,,Single Family Residential,Houston,TX,77045,354000,3,2.5,Agua Estates,1727,2635,2021,71,205,83,Active,,,HARMLS,87846216,N,Y,29.639007,-95.4457795
MLS Listing,,Single Family Residential,Katy,TX,77494,365000,3,2,Cinco West At Seven Meadows,2185,7674,2006,30,167,90,Active,,,HARMLS,54571918,N,Y,29.7196417,-95.8073065
MLS Listing,,Single Family Residential,Houston,TX,77055,749900,4,3.5,Hickory Shadows,3254,8120,1981,72,230,33,Active,,,HARMLS,51100323,N,Y,29.7859281,-95.4859328
MLS Listing,,Single Family Residential,Conroe,TX,77384,565000,4,3,Holly Terrace At Jacobs Reserv,2950,8122,2014,73,192,63,Active,,,HARMLS,17714643,N,Y,30.2418908,-95.4888209
MLS Listing,,Single Family Residential,Pearland,TX,77584,565689,4,3.5,Southern Trails Ph 1 Sec 6,4031,10023,2012,73,140,76,Active,,,HARMLS,17968635,N,Y,29.5488878,-95.4164142
MLS Listing,,Single Family Residential,Katy,TX,77494,385000,3,2,Cinco Ranch Southwest,2237,5175,2008,80,172,100,Active,October-23-2022 11:00 AM,October-23-2022 01:00 PM,HARMLS,18872015,N,Y,29.699928,-95.8023228
MLS Listing,,Single Family Residential,League City,TX,77573,445000,4,2.5,Harbour Park,2760,8288,1990,80,161,26,Active,,,HARMLS,80793006,N,Y,29.5340011,-95.0424477
MLS Listing,,Single Family Residential,Pearland,TX,77584,599000,4,3.5,Southern Trails Ph 1,4037,12075,2010,80,148,76,Active,,,HARMLS,76511196,N,Y,29.5481485,-95.4168234
MLS Listing,,Single Family Residential,Sugar Land,TX,77479,575000,3,3,Telfair,2370,10110,2010,85,243,156,Active,,,HARMLS,33909372,N,Y,29.580533,-95.6633995
MLS Listing,,Single Family Residential,Houston,TX,77019,775000,3,1.5,Glendower Court,2040,5000,1938,86,380,79,Active,,,HARMLS,24958735,N,Y,29.7444115,-95.4136933
MLS Listing,,Single Family Residential,Katy,TX,77493,650000,6,5,Elyson Sec 9,3907,7695,2018,88,166,107,Active,,,HARMLS,48999861,N,Y,29.8712122,-95.7818774
MLS Listing,,Single Family Residential,Pearland,TX,77584,513000,4,3.5,The Lakes At Countryplace Sec,3745,8485,2002,92,137,133,Active,,,HARMLS,58820465,N,Y,29.5865128,-95.3789668
MLS Listing,,Single Family Residential,Houston,TX,77055,465000,3,3,Reservemoritz,2315,2155,2015,94,201,196,Active,,,HARMLS,83481361,N,Y,29.8018643,-95.4957449
MLS Listing,,Single Family Residential,Cypress,TX,77429,389000,3,2,Hayden Lakes,2245,9318,2016,75,173,78,Active,,,HARMLS,35702307,N,Y,30.0450653,-95.6469042
MLS Listing,,Single Family Residential,Houston,TX,77021,235000,1,1,South Union,684,10000,1935,106,344,,Active,,,HARMLS,8234439,N,Y,29.684677,-95.3773439
MLS Listing,,Single Family Residential,The Woodlands,TX,77382,390000,2,2,The Woodlands Alden Bridge,2178,6723,2002,102,179,,Active,,,HARMLS,26905998,N,Y,30.2181953,-95.5068291
MLS Listing,,Single Family Residential,La Marque,TX,77568,280000,4,2.5,Painted Meadows Sec 2 2008,1998,6010,2011,1,140,25,Active,,,HARMLS,33830944,N,Y,29.3985692,-95.0443583
MLS Listing,,Single Family Residential,Houston,TX,77016,65000,3,1,Weaver Place,924,6003,1952,1,70,,Active,,,HARMLS,56162419,N,Y,29.8350385,-95.3248532
MLS Listing,,Single Family Residential,Houston,TX,77036,284880,3,2,Sharpstown Country Club Terrac,1899,8004,1970,1,150,21,Active,,,HARMLS,78823045,N,Y,29.6967035,-95.5492184
MLS Listing,,Single Family Residential,Dayton,TX,77535,899900,5,3.5,White Oak Trails Sec 3,4706,372094,2017,1,191,27,Active,,,HARMLS,74843886,N,Y,30.0943291,-94.8666391
MLS Listing,,Single Family Residential,Spring,TX,77389,499999,4,3.5,Village Auburn Lakes Sec 01,3562,13143,2003,1,140,55,Active,,,HARMLS,63151137,N,Y,30.1242494,-95.5155381
MLS Listing,,Single Family Residential,Santa Fe,TX,77510,477900,4,2,Thamans 1st Sub,2340,215622,1966,1,204,,Active,,,HARMLS,60913838,N,Y,29.4091739,-95.0849631
MLS Listing,,Single Family Residential,Montgomery,TX,77384,509740,4,3.5,Fosters Ridge,3291,7967,2022,1,155,71,Active,October-23-2022 01:00 PM,October-23-2022 06:00 PM,HARMLS,5080332,N,Y,30.2627315,-95.5258598
MLS Listing,,Single Family Residential,Richmond,TX,77407,344900,3,2.5,Lakemont,2411,11649,2003,1,143,58,Active,,,HARMLS,18488569,N,Y,29.7017695,-95.7465417
MLS Listing,,Single Family Residential,Houston,TX,77022,315000,3,2.5,Independence Heights Park,1653,4000,2017,1,191,,Active,,,HARMLS,18421042,N,Y,29.8210532,-95.3875136
MLS Listing,,Single Family Residential,Houston,TX,77044,207000,3,2,Hidden Mdw Sec 06,1178,4400,2014,1,176,35,Active,,,HARMLS,11409873,N,Y,29.8659111,-95.2048736
MLS Listing,,Single Family Residential,Missouri City,TX,77459,495000,5,3.5,Lake Shore Harbour Sec 2,3667,6749,2006,1,135,92,Active,October-23-2022 02:00 PM,October-23-2022 04:00 PM,HARMLS,77620083,N,Y,29.5454127,-95.5191861
MLS Listing,,Single Family Residential,Houston,TX,77035,395000,3,2.5,Westbury Sec 03,2072,9941,1960,1,191,,Active,,,HARMLS,71741670,N,Y,29.651049,-95.4909513
MLS Listing,,Single Family Residential,Houston,TX,77504,365000,3,1,Highland Acres,1363,34212,1995,1,268,,Active,,,HARMLS,73884416,N,Y,29.6417009,-95.2004303
MLS Listing,,Single Family Residential,Houston,TX,77075,250000,4,2,Easthaven,1548,5000,1971,1,161,,Active,,,HARMLS,93667599,N,Y,29.6360575,-95.2578132
MLS Listing,,Single Family Residential,Porter,TX,77365,259900,3,2,Riverwood At Oakhurst,1836,7439,2006,1,142,54,Active,,,HARMLS,70482003,N,Y,30.0915826,-95.2640974
MLS Listing,,Single Family Residential,Montgomery,TX,77316,549000,4,3.5,Woodforest 08,3291,7252,2012,1,167,105,Active,November-5-2022 01:00 PM,November-5-2022 03:00 PM,HARMLS,45594156,N,Y,30.2837318,-95.5589182
MLS Listing,,Single Family Residential,Katy,TX,77449,297999,3,2,Jasmine Heights Sec 9,1650,5807,2020,1,181,27,Active,,,HARMLS,22259964,N,Y,29.8605685,-95.7351038
MLS Listing,,Single Family Residential,Houston,TX,77091,625000,2,1,Highland Heights Annex Sec 05,882,43492,1948,1,709,,Active,,,HARMLS,42218772,N,Y,29.8518156,-95.4378767
MLS Listing,,Single Family Residential,Cypress,TX,77433,618225,4,3,Bridgeland Parkland Village,2265,9670,2022,1,273,101,Active,,,HARMLS,41912312,N,Y,29.926636,-95.73698
MLS Listing,,Single Family Residential,Houston,TX,77042,699500,3,2.5,Briargrove Park Sec 06,3137,9787,1973,1,223,57,Active,,,HARMLS,41162134,N,Y,29.7480551,-95.5535888
MLS Listing,,Single Family Residential,Katy,TX,77449,360000,4,2.5,Meadowswestfield Village Sec 2,2668,6010,2019,1,135,39,Active,,,HARMLS,89843622,N,Y,29.8427152,-95.7353918
MLS Listing,,Single Family Residential,Spring,TX,77382,530000,2,2,Del Webb The Woodlands 05,2289,6296,2018,1,232,196,Active,,,HARMLS,66296460,N,Y,30.218004,-95.5323207
MLS Listing,,Single Family Residential,Tomball,TX,77375,2000000,4,2.5,NA,3032,451717,1962,1,660,,Active,,,HARMLS,43186237,N,Y,30.087875,-95.548684
MLS Listing,,Single Family Residential,Texas City,TX,77568,480000,3,2,Lago Mar Sec 1 Pod 6,2378,7500,2021,1,202,144,Active,,,HARMLS,7094820,N,Y,29.4114005,-95.0514787
MLS Listing,,Single Family Residential,Channelview,TX,77530,305000,4,2.5,Rancho Verde Sec 11,2587,6228,2019,1,118,34,Active,,,HARMLS,10366765,N,Y,29.7955741,-95.1355719
MLS Listing,,Single Family Residential,Humble,TX,77346,989900,5,4.5,Kings River Village,4541,26401,2004,1,218,35,Active,,,HARMLS,32321855,N,Y,30.0218168,-95.1650581
MLS Listing,,Single Family Residential,Tomball,TX,77375,1380000,4,4.5,Haven Lake Estates,5282,80150,1999,1,261,,Active,,,HARMLS,24565630,N,Y,30.1332819,-95.5547141
MLS Listing,,Single Family Residential,Spring,TX,77373,239500,4,2,North Spring Sec 06,1921,6600,1982,1,125,18,Active,,,HARMLS,66351913,N,Y,30.0645566,-95.3882906
MLS Listing,,Single Family Residential,Houston,TX,77043,499000,4,3,Timber Oaks,2097,8160,1969,1,238,,Active,,,HARMLS,53818596,N,Y,29.8071886,-95.5555387
MLS Listing,,Single Family Residential,Spring,TX,77379,1250000,5,6,Falls At Champion Forest,6242,24283,2004,1,200,194,Active,October-23-2022 02:00 PM,October-23-2022 04:00 PM,HARMLS,18685105,N,Y,30.0120188,-95.5347846
MLS Listing,,Single Family Residential,Houston,TX,77028,319000,3,2.5,Liberty Road Manor Sec 23 Ur,2358,4080,2022,1,135,,Active,,,HARMLS,85142594,N,Y,29.819842,-95.286394
MLS Listing,,Single Family Residential,Dayton,TX,77535,450000,4,2.5,Cedar Creek Sec 3,3201,38768,2018,1,141,,Active,,,HARMLS,57463338,N,Y,29.9876039,-94.9793775
MLS Listing,,Single Family Residential,Houston,TX,77080,298600,4,1.5,Wilson Court,1829,11940,1960,1,163,,Active,,,HARMLS,14589731,N,Y,29.8265758,-95.5031205
MLS Listing,,Single Family Residential,Houston,TX,77044,495000,4,3.5,Summerwood,3941,9444,2006,1,126,67,Active,,,HARMLS,947147,N,Y,29.9215266,-95.1675273
MLS Listing,,Single Family Residential,Houston,TX,77025,750000,4,4,Westwood Sec 02 Rp,3200,8561,2022,1,234,,Active,,,HARMLS,6921730,N,Y,29.6693639,-95.4442546
MLS Listing,,Single Family Residential,Houston,TX,77049,285000,3,2.5,Sonoma Ranch,2251,6050,2003,1,127,50,Active,,,HARMLS,36484686,N,Y,29.812413,-95.1479105
MLS Listing,,Single Family Residential,Houston,TX,77053,249900,3,2,Ridgegate Sub Sec 1,1918,9820,1978,1,130,15,Active,,,HARMLS,39073422,N,Y,29.5968496,-95.4699755
MLS Listing,,Single Family Residential,Katy,TX,77449,238000,3,2,Brenwood Village Sec 03,1440,4278,2011,1,165,350,Active,,,HARMLS,11958750,N,Y,29.8621631,-95.6982129
MLS Listing,,Single Family Residential,Houston,TX,77051,160000,3,1,Blueridge Sec 02,1200,5500,1955,1,133,,Active,,,HARMLS,28949610,N,Y,29.6449806,-95.3733242
MLS Listing,,Single Family Residential,Pearland,TX,77581,679000,5,4.5,The Lakes At Highland Glen Sec,4761,11857,2007,1,143,67,Active,,,HARMLS,77414982,N,Y,29.5833661,-95.2680095
MLS Listing,,Single Family Residential,Huffman,TX,77336,260490,3,2.5,Woodland Lakes,1443,,2022,1,181,42,Active,,,HARMLS,42464577,N,Y,30.025995,-95.084726
MLS Listing,,Single Family Residential,Huffman,TX,77336,295000,3,2,Cypress Point,1196,63162,1984,1,247,4,Active,,,HARMLS,22956639,N,Y,30.1068914,-95.1131007
MLS Listing,,Single Family Residential,Highlands,TX,77562,189000,3,2,Prairie Village,1438,18144,1999,1,131,,Active,,,HARMLS,84243821,N,Y,29.8138884,-95.04509
MLS Listing,,Single Family Residential,Katy,TX,77449,330990,4,2,Jasmine Heights,1665,,2022,1,199,27,Active,,,HARMLS,13237994,N,Y,29.852738,-95.742516
MLS Listing,,Single Family Residential,Spring,TX,77379,339000,4,2.5,Spring Creek Forest Sec 02,2380,20425,1978,1,142,50,Active,,,HARMLS,63559474,N,Y,30.037395,-95.5236951
MLS Listing,,Single Family Residential,Highlands,TX,77562,230000,3,2,Lakeview Terrace,945,5700,1979,1,243,,Active,,,HARMLS,43135935,N,Y,29.8272799,-95.0498871
MLS Listing,,Single Family Residential,Houston,TX,77082,269990,3,2,Forestview Sec 01,2001,7015,1980,1,135,16,Active,October-23-2022 12:30 PM,October-23-2022 02:00 PM,HARMLS,38404234,N,Y,29.7235888,-95.6609365
MLS Listing,,Single Family Residential,Jersey Village,TX,77040,650000,4,3.5,Jersey Village,5037,18810,1992,1,129,,Active,,,HARMLS,71631719,N,Y,29.8902624,-95.5539758
MLS Listing,,Single Family Residential,Huffman,TX,77336,279490,3,2.5,Woodland Lakes,1774,4000,2022,1,158,33,Active,,,HARMLS,39095995,N,Y,30.02953,-95.110632
MLS Listing,,Single Family Residential,Houston,TX,77015,187000,3,2,Clover Leaf,2232,,1960,1,84,,Active,,,HARMLS,3399297,N,Y,29.7882633,-95.1795244
MLS Listing,,Single Family Residential,The Woodlands,TX,77381,479900,3,2,Wdlnds Village Cochrans Cr 27,2352,7300,1991,1,204,,Active,,,HARMLS,93509079,N,Y,30.1802907,-95.5151693
MLS Listing,,Single Family Residential,Houston,TX,77037,195000,3,1,,1350,8363,1945,1,144,,Active,,,HARMLS,92011295,N,Y,29.8989758,-95.393587
MLS Listing,,Single Family Residential,Rosenberg,TX,77469,279900,3,2,River Run At The Brazos Sec 2,1715,6000,2011,1,163,42,Active,,,HARMLS,6042391,N,Y,29.5262088,-95.7332114
MLS Listing,,Single Family Residential,Humble,TX,77346,510000,4,3.5,Eagle Springs,3836,9472,2006,1,133,81,Active,,,HARMLS,70705819,N,Y,29.96974,-95.199239
MLS Listing,,Single Family Residential,The Woodlands,TX,77381,410000,3,2,Wdlnds Village Panther Ck 17,2192,9000,1980,1,187,,Active,,,HARMLS,4304250,N,Y,30.1715819,-95.4955401
MLS Listing,,Single Family Residential,Stafford,TX,77477,310000,3,2,Southmeadow Sec 1,1548,5250,1985,1,200,,Active,,,HARMLS,96216792,N,Y,29.6406006,-95.5932185
MLS Listing,,Single Family Residential,Houston,TX,77339,235000,4,2.5,Hunters Ridge Village Sec 02,2310,8190,1984,1,102,40,Active,,,HARMLS,57982864,N,Y,30.0645937,-95.2004763
MLS Listing,,Single Family Residential,Katy,TX,77493,585000,5,4,Cane Island Sec 4,3397,7115,2015,1,172,100,Active,,,HARMLS,28151340,N,Y,29.795978,-95.8350953
MLS Listing,,Single Family Residential,Houston,TX,77088,210000,4,2,Inwood Pines Sec 04,1857,7700,1977,1,113,22,Active,,,HARMLS,14196685,N,Y,29.8758241,-95.4577436
MLS Listing,,Single Family Residential,Houston,TX,77064,274900,3,2,Winchester Country,1760,7084,1983,1,156,26,Active,,,HARMLS,23413340,N,Y,29.9168749,-95.5697067
MLS Listing,,Single Family Residential,Humble,TX,77338,195000,3,2,Foxwood Sec 04,1358,6300,1981,1,144,27,Active,,,HARMLS,62468838,N,Y,30.0168814,-95.317582
MLS Listing,,Single Family Residential,Houston,TX,77047,189900,4,1.5,South Acres Estates Sec 08,1593,6765,1970,1,119,,Active,,,HARMLS,9897293,N,Y,29.6223553,-95.3679683
MLS Listing,,Single Family Residential,Richmond,TX,77469,305900,2,2,Del Webb Richmond,1488,7325,2017,1,206,145,Active,,,HARMLS,55433208,N,Y,29.5566959,-95.7340342
MLS Listing,,Single Family Residential,Katy,TX,77494,469000,4,3,Young Ranch Sec 1,2692,6875,2016,1,174,92,Active,,,HARMLS,77612821,N,Y,29.764881,-95.884788
MLS Listing,,Single Family Residential,Houston,TX,77085,255000,3,2.5,Post Oak Place Sec 02,1590,4500,2002,1,160,23,Active,,,HARMLS,11922592,N,Y,29.6340767,-95.4691187
MLS Listing,,Single Family Residential,Houston,TX,77007,550000,3,2.5,Inker Patio Homes Sub,2740,2500,2016,1,201,,Active,,,HARMLS,6783075,N,Y,29.7753169,-95.4120055
MLS Listing,,Single Family Residential,League City,TX,77573,469000,4,2,Sedona,2170,,2015,1,216,25,Active,,,HARMLS,63257093,N,Y,29.4718845,-95.1230781
MLS Listing,,Single Family Residential,Spring,TX,77379,394000,4,2.5,Terranova West,2664,9360,1983,1,148,50,Active,,,HARMLS,78129989,N,Y,30.0280281,-95.4947616
MLS Listing,,Single Family Residential,Houston,TX,77006,1679000,4,4.5,Portland Ave Estates,4576,2858,2015,1,367,,Active,,,HARMLS,19255528,N,Y,29.7294948,-95.3889859
MLS Listing,,Single Family Residential,Bacliff,TX,77518,119500,1,1,Clifton By The Sea,492,6250,1960,1,243,,Active,,,HARMLS,98825539,N,Y,29.5022995,-94.9855973
MLS Listing,,Single Family Residential,Richmond,TX,77406,399000,3,2,Rivers Edge Sec 13,2189,7790,2015,1,182,58,Active,,,HARMLS,12132798,N,Y,29.6005786,-95.7547718
MLS Listing,,Single Family Residential,Houston,TX,77339,840000,4,3,Forest Cove Sec 05 Ur,4145,86840,1969,1,203,13,Active,,,HARMLS,69315272,N,Y,30.0286937,-95.2321734
MLS Listing,,Single Family Residential,Houston,TX,77055,756456,4,3.5,Somerset Green,2910,2625,2023,1,260,208,Active,October-23-2022 12:00 PM,October-23-2022 06:00 PM,HARMLS,12288040,N,Y,29.784379,-95.439973
MLS Listing,,Single Family Residential,Houston,TX,77091,359990,3,2.5,Mansfield Square,1568,2135,2022,1,230,119,Active,October-23-2022 01:00 PM,October-23-2022 05:00 PM,HARMLS,46277576,N,Y,29.851238,-95.438581
MLS Listing,,Single Family Residential,Pasadena,TX,77502,319000,4,2,Sam Rayburn Heights Rp,1685,7280,1965,1,189,,Active,,,HARMLS,60774309,N,Y,29.6774758,-95.1877339
MLS Listing,,Single Family Residential,Houston,TX,77091,364990,3,2.5,Mansfield Square,1568,,2022,1,233,119,Active,October-23-2022 01:00 PM,October-23-2022 05:00 PM,HARMLS,41021918,N,Y,29.851238,-95.438581
MLS Listing,,Single Family Residential,Friendswood,TX,77546,2499999,5,3.5,Liberty Tree Estates,5030,284533,2015,1,497,,Active,,,HARMLS,36255623,N,Y,29.5311574,-95.1971246
MLS Listing,,Single Family Residential,Houston,TX,77038,261800,3,2.5,Westview Lndg,2189,5400,2017,1,120,46,Active,,,HARMLS,47209996,N,Y,29.9064877,-95.4564448
MLS Listing,,Single Family Residential,Tomball,TX,77375,295000,4,2,Spring Forest Estates,1842,6879,1993,1,160,27,Active,,,HARMLS,35962151,N,Y,30.1128574,-95.6231861
MLS Listing,,Single Family Residential,Katy,TX,77450,245000,2,2,Silverstone Sec 01,1083,6050,1978,1,226,33,Active,,,HARMLS,74168821,N,Y,29.7670897,-95.7541545
MLS Listing,,Single Family Residential,Katy,TX,77450,425000,4,2.5,Canyon Gate Cinco Ranch,2415,6765,1999,1,176,97,Active,October-23-2022 01:00 PM,October-23-2022 04:00 PM,HARMLS,58684837,N,Y,29.7086634,-95.7300027
MLS Listing,,Single Family Residential,Dickinson,TX,77539,210000,2,2,San Leon,1147,9600,1983,1,183,,Active,,,HARMLS,82125186,N,Y,29.4932448,-94.9211582
MLS Listing,,Single Family Residential,Sugar Land,TX,77478,490000,4,2.5,Sugar Creek,2625,9526,1977,1,187,54,Active,,,HARMLS,38815610,N,Y,29.6120546,-95.6044648
MLS Listing,,Single Family Residential,Katy,TX,77449,326990,4,2,Jasmine Heights,1750,,2022,1,187,27,Active,,,HARMLS,54171758,N,Y,29.852738,-95.742516
MLS Listing,,Single Family Residential,Houston,TX,77055,775448,4,3.5,Somerset Green,3201,2625,2023,1,242,208,Active,October-23-2022 12:00 PM,October-23-2022 06:00 PM,HARMLS,33439949,N,Y,29.784277,-95.440015
MLS Listing,,Single Family Residential,Katy,TX,77449,303490,3,2,Jasmine Heights,1501,,2022,1,202,27,Active,,,HARMLS,64274353,N,Y,29.852738,-95.742516
MLS Listing,,Single Family Residential,Cleveland,TX,77328,134000,3,2,Spring Forest Estates,,53588,1998,1,,,Active,,,HARMLS,69812680,N,Y,30.2921559,-95.1362641
MLS Listing,,Single Family Residential,Houston,TX,77345,499000,4,2.5,Fosters Mill Village Sec 01,2700,11776,1981,1,185,55,Active,,,HARMLS,47626897,N,Y,30.0499436,-95.1710882
MLS Listing,,Single Family Residential,Spring,TX,77373,224500,4,2,Birnam Wood Sec 04,1441,6900,1981,1,156,29,Active,,,HARMLS,73266847,N,Y,30.0454621,-95.3621224
MLS Listing,,Single Family Residential,Pasadena,TX,77504,186000,3,1.5,Parkland Village Sec 03 Rp,1191,4692,1972,1,156,,Active,,,HARMLS,48306352,N,Y,29.6387454,-95.1871419
MLS Listing,,Single Family Residential,Houston,TX,77022,124000,1,2.5,Dawnridge,1048,4104,1955,1,118,,Active,,,HARMLS,47788075,N,Y,29.834451,-95.3684181
MLS Listing,,Single Family Residential,Houston,TX,77080,599900,4,3,Avondale Square,2336,4659,2022,1,257,79,Active,,,HARMLS,5051388,N,Y,29.8239009,-95.5339391
MLS Listing,,Single Family Residential,Houston,TX,77004,530000,3,2,Macgregor Blodgett Park Sec 01,1904,5000,1925,1,278,,Active,October-23-2022 11:00 AM,October-23-2022 01:00 PM,HARMLS,31863056,N,Y,29.7311926,-95.3805782
MLS Listing,,Single Family Residential,Katy,TX,77493,450000,4,3.5,Katy Pointe,2764,5546,2019,1,163,49,Active,,,HARMLS,55411525,N,Y,29.8376563,-95.7925625
MLS Listing,,Single Family Residential,Baytown,TX,77521,225000,3,2,Chaparral Village Sec 01,1539,7810,1970,1,146,,Active,,,HARMLS,77066571,N,Y,29.7677632,-94.9487876
MLS Listing,,Single Family Residential,Houston,TX,77040,580000,4,3.5,Woodwind Lakes Sec 01,3776,11162,1992,1,154,68,Active,,,HARMLS,80271671,N,Y,29.8876736,-95.5346001
MLS Listing,,Single Family Residential,Houston,TX,77024,1520000,2,3.5,Memorial Green,3817,4150,2016,1,398,307,Active,,,HARMLS,56281503,N,Y,29.7648954,-95.5515745
MLS Listing,,Single Family Residential,Katy,TX,77449,285750,4,2,Estates Highland Creek,1839,6900,2002,1,155,42,Active,,,HARMLS,49251660,N,Y,29.8711626,-95.71828
MLS Listing,,Single Family Residential,Houston,TX,77090,288900,4,2.5,Ponderosa Forest Section 3,2680,8925,1970,1,108,40,Active,,,HARMLS,97948363,N,Y,30.0235944,-95.4606418
MLS Listing,,Single Family Residential,Houston,TX,77025,725000,3,2,Knollwood Village,2766,7665,1959,1,262,,Active,,,HARMLS,10425150,N,Y,29.6888894,-95.4222451
MLS Listing,,Single Family Residential,Spring,TX,77373,255000,3,2,Cypresswood Lake,1592,5755,2004,1,160,61,Active,,,HARMLS,89927836,N,Y,30.0586073,-95.4290794
MLS Listing,,Single Family Residential,Manvel,TX,77578,459900,4,4,Quail Valley Ranches Sec 2,,242281,2017,1,,,Active,,,HARMLS,49352885,N,Y,29.469789,-95.329405
MLS Listing,,Single Family Residential,Richmond,TX,77406,924900,4,3.5,Covey Trails,2798,71634,1992,1,331,175,Active,,,HARMLS,3210749,N,Y,29.6932163,-95.8386393
MLS Listing,,Single Family Residential,Katy,TX,77449,405650,4,3.5,Estates Highland Creek,3325,24570,1993,1,122,45,Active,,,HARMLS,16829335,N,Y,29.8725667,-95.7071559
MLS Listing,,Single Family Residential,Fresno,TX,77545,365000,5,3.5,Winfield Lakes Sec 4,3970,7816,2004,1,92,67,Active,,,HARMLS,76330848,N,Y,29.5397142,-95.4931637
MLS Listing,,Single Family Residential,Katy,TX,77493,330000,4,2.5,Camillo Lakes Sec 2,2250,5175,2018,1,147,73,Active,,,HARMLS,84515226,N,Y,29.8284354,-95.8055766
MLS Listing,,Single Family Residential,Rosenberg,TX,77469,428000,4,2.5,Bonbrook Plantation South Sec 6,3031,8341,2018,1,141,67,Active,,,HARMLS,4369895,N,Y,29.5263212,-95.7316481
MLS Listing,,Single Family Residential,Magnolia,TX,77355,1049000,4,4,Lexington Estates,4438,526292,1998,1,236,,Active,,,HARMLS,31548272,N,Y,30.112169,-95.662538
MLS Listing,,Single Family Residential,Richmond,TX,77407,455000,4,3.5,Aliana,2637,6525,2014,1,173,104,Active,,,HARMLS,42622880,N,Y,29.6665443,-95.6930739
MLS Listing,,Single Family Residential,Cypress,TX,77429,709900,5,4.5,Parkarbordale Sec 01,4349,15114,2009,1,163,98,Active,,,HARMLS,75211488,N,Y,29.9815194,-95.6616121
MLS Listing,,Single Family Residential,Houston,TX,77041,369400,4,2.5,Concord Bridge Sec 05,2913,6360,1992,1,127,29,Active,October-23-2022 01:00 PM,October-23-2022 03:00 PM,HARMLS,13732786,N,Y,29.8619742,-95.6183821
MLS Listing,,Single Family Residential,Houston,TX,77044,290000,4,2.5,Evergreen Villas,2490,4580,2016,1,116,42,Active,,,HARMLS,8027732,N,Y,29.8689213,-95.2039768
MLS Listing,,Single Family Residential,Spring,TX,77388,349900,4,3,Normandy Forest Sec 01,2910,6650,1997,1,120,38,Active,,,HARMLS,51472670,N,Y,30.0680746,-95.4705316
MLS Listing,,Single Family Residential,Bellaire,TX,77401,1995000,5,5.5,Boyker & Vest,5500,8910,2022,1,363,,Active,,,HARMLS,46385758,N,Y,29.697365,-95.4575762
MLS Listing,,Single Family Residential,Houston,TX,77053,215000,3,2,Ridgemont,1419,6050,1976,1,152,17,Active,,,HARMLS,94250189,N,Y,29.5868339,-95.4631857
MLS Listing,,Single Family Residential,Houston,TX,77017,210000,2,1.5,Bellnole,1112,5500,1948,1,189,,Active,,,HARMLS,68930862,N,Y,29.6861505,-95.2501017
MLS Listing,,Single Family Residential,Baytown,TX,77521,255000,3,2,Bay River Colony Sec 1,1632,5700,2011,1,156,33,Active,October-23-2022 12:00 PM,October-23-2022 02:00 PM,HARMLS,11370558,N,Y,29.8179751,-94.9949685
MLS Listing,,Single Family Residential,Houston,TX,77047,210000,3,2,Bayou Terrace,958,6600,1957,1,219,,Active,October-23-2022 01:00 PM,October-23-2022 04:00 PM,HARMLS,80139136,N,Y,29.6371958,-95.3617216
MLS Listing,,Single Family Residential,Crosby,TX,77532,230000,3,2.5,Newport Sec 01,2480,18485,1976,1,93,55,Active,,,HARMLS,83805085,N,Y,29.9158961,-95.073167
MLS Listing,,Single Family Residential,Humble,TX,77396,309999,4,2.5,Sunset Rdg East,2294,5101,2017,1,135,29,Active,,,HARMLS,60316433,N,Y,29.9402648,-95.2242818
MLS Listing,,Single Family Residential,Conroe,TX,77302,759900,4,3.5,Artavia,4082,,2022,1,186,80,Active,,,HARMLS,72093787,N,Y,30.2067601,-95.3346177
MLS Listing,,Single Family Residential,Baytown,TX,77521,385000,4,3.5,Sterling Point,2713,,2022,1,142,79,Active,,,HARMLS,87833389,N,Y,29.8372632,-94.9888895
MLS Listing,,Single Family Residential,Baytown,TX,77521,370000,4,3.5,Sterling Point,2413,,2022,1,153,79,Active,,,HARMLS,73249151,N,Y,29.8370834,-94.9888917
MLS Listing,,Single Family Residential,Baytown,TX,77521,365000,4,3.5,Sterling Point,2713,,2022,1,135,79,Active,,,HARMLS,18355802,N,Y,29.8375711,-94.989611
MLS Listing,,Single Family Residential,Baytown,TX,77521,395000,4,3.5,Sterling Point,2841,,2022,1,139,79,Active,,,HARMLS,21467499,N,Y,29.8368012,-94.9894548
MLS Listing,,Single Family Residential,Pearland,TX,77581,785990,5,4.5,The Lakes At Highland Glen Sec,4874,12188,2007,1,161,100,Active,,,HARMLS,67107261,N,Y,29.5836514,-95.2658678
MLS Listing,,Single Family Residential,Baytown,TX,77521,375000,4,3.5,Sterling Point,2413,,2022,1,155,79,Active,,,HARMLS,69052127,N,Y,29.8299,-94.9883
MLS Listing,,Single Family Residential,Sugar Land,TX,77498,400000,4,3.5,Waterford,3309,8634,1982,1,121,51,Active,,,HARMLS,66046031,N,Y,29.6685386,-95.6458361
MLS Listing,,Single Family Residential,Katy,TX,77450,760000,5,3.5,Cinco Ranch Cinco Forest Sec 1,4435,8679,2000,1,171,100,Active,,,HARMLS,84096262,N,Y,29.7283205,-95.7644436
MLS Listing,,Single Family Residential,Houston,TX,77026,699999,2,1.5,Mc Gowan N S B B,1296,13000,1960,1,540,,Active,,,HARMLS,66266687,N,Y,29.7851171,-95.3340427
MLS Listing,,Single Family Residential,Friendswood,TX,77546,699999,4,3.5,Polly Ranch Estates Rep,3085,22052,1979,1,227,13,Active,,,HARMLS,16467201,N,Y,29.5042901,-95.1715363
MLS Listing,,Single Family Residential,Bellaire,TX,77401,1228000,5,7,Vaughan Estates,4752,15636,1998,1,258,,Active,,,HARMLS,57457048,N,Y,29.6908309,-95.4515425
MLS Listing,,Single Family Residential,Houston,TX,77043,479995,3,2.5,Brittmoore Crossing,1812,,2022,1,265,217,Active,October-23-2022 12:00 PM,October-23-2022 05:00 PM,HARMLS,54154040,N,Y,29.7928654,-95.5734625
MLS Listing,,Single Family Residential,Baytown,TX,77520,319000,6,5,Roseland Oaks Sec 02,5152,21000,1966,1,62,,Active,,,HARMLS,7199878,N,Y,29.7245194,-94.9527647
MLS Listing,,Single Family Residential,Houston,TX,77084,294900,4,2,Glencairn Village,1752,6195,1982,1,168,29,Active,,,HARMLS,14134937,N,Y,29.8434489,-95.6639748
MLS Listing,,Single Family Residential,Channelview,TX,77530,1100000,4,2,Old River Terrace,1792,110076,1991,1,614,,Active,,,HARMLS,65093673,N,Y,29.781102,-95.14939
MLS Listing,,Single Family Residential,Katy,TX,77449,300000,3,2.5,Williamschase,2128,9450,1992,1,141,39,Active,October-23-2022 01:00 PM,October-23-2022 03:00 PM,HARMLS,40424282,N,Y,29.8149727,-95.7651433
MLS Listing,,Single Family Residential,Sugar Land,TX,77479,746000,5,3.5,Telfair,3573,12229,2009,1,209,67,Active,October-23-2022 01:00 PM,October-23-2022 03:00 PM,HARMLS,3168397,N,Y,29.6009418,-95.6569076
MLS Listing,,Single Family Residential,Magnolia,TX,77355,380000,3,2,Dogwood Hills,784,14800,1984,1,485,,Active,,,HARMLS,13483710,N,Y,30.1359681,-95.7454924
MLS Listing,,Single Family Residential,Houston,TX,77063,929999,6,5.5,Cluster Oaks Th,5007,9181,1983,1,186,115,Active,,,HARMLS,64487905,N,Y,29.7458756,-95.5301312
MLS Listing,,Single Family Residential,Houston,TX,77091,225000,3,2,Highland Heights,1050,6000,2006,1,214,,Active,,,HARMLS,51768739,N,Y,29.8612,-95.422568
MLS Listing,,Single Family Residential,Spring,TX,77373,200000,3,2,Timber Lane Sec 02,1712,6600,1975,1,117,33,Active,,,HARMLS,79076387,N,Y,30.0427252,-95.3983193
MLS Listing,,Single Family Residential,Pearland,TX,77584,465000,4,3.5,Southern Trails Sec 17 A0564,2727,7963,2017,1,171,76,Active,October-23-2022 03:00 PM,October-23-2022 05:00 PM,HARMLS,91090605,N,Y,29.5445983,-95.4024836
MLS Listing,,Single Family Residential,Houston,TX,77064,219000,3,2,White Oak Bend Sec 01,1466,6050,1980,1,149,18,Active,,,HARMLS,14075795,N,Y,29.9218095,-95.5813793
MLS Listing,,Single Family Residential,Katy,TX,77450,750000,4,3.5,Cinco Ranch North Lake Village Sec 6,3974,12070,1998,1,189,139,Active,,,HARMLS,30392123,N,Y,29.7492093,-95.7610274
MLS Listing,,Single Family Residential,Cleveland,TX,77327,180000,3,2,Santa Fe Sec 4,1216,9583,2003,1,148,10,Active,,,HARMLS,66120106,N,Y,30.133047,-95.041043
MLS Listing,,Single Family Residential,Katy,TX,77493,400000,3,2,Elyson,2055,8440,2022,1,195,104,Active,,,HARMLS,14783806,N,Y,29.862576,-95.779016
MLS Listing,,Single Family Residential,Houston,TX,77018,485000,3,2.5,Independence Heights Park,2050,,2022,1,237,,Active,,,HARMLS,20226520,N,Y,29.8167204,-95.3974537
MLS Listing,,Single Family Residential,Sugar Land,TX,77498,289990,4,2,Covington West,2067,7273,1977,1,140,4,Active,,,HARMLS,77176567,N,Y,29.6449253,-95.6318508
MLS Listing,,Single Family Residential,Texas City,TX,77590,395000,4,3.5,Pelican Harbour Ph 16,2776,11280,2005,1,142,30,Active,,,HARMLS,51199188,N,Y,29.4141362,-94.9044492
MLS Listing,,Single Family Residential,League City,TX,77573,440000,3,3,Sedona Sec 4,2284,10320,2015,1,193,25,Active,October-23-2022 01:00 PM,October-23-2022 03:00 PM,HARMLS,5624700,N,Y,29.4719269,-95.1206104
MLS Listing,,Single Family Residential,Houston,TX,77026,100000,2,1,Home,720,2500,1957,1,139,,Active,,,HARMLS,22828380,N,Y,29.7825075,-95.3316759
MLS Listing,,Single Family Residential,Hockley,TX,77447,410000,5,3.5,Dellrose,2721,,2022,1,151,83,Active,,,HARMLS,66875079,N,Y,30.018522,-95.786863
MLS Listing,,Single Family Residential,Houston,TX,77477,289900,3,2,Meadow Village Sec 02 Rp,2264,6300,1982,1,128,25,Active,,,HARMLS,42066549,N,Y,29.6611252,-95.5923156
MLS Listing,,Single Family Residential,Houston,TX,77068,290000,4,3,Oak Creek Village Sec 02,2988,9600,1973,1,97,28,Active,,,HARMLS,22982957,N,Y,30.0010453,-95.4920165
MLS Listing,,Single Family Residential,Houston,TX,77080,453360,3,2.5,Spring Brook Village,2021,,2022,1,224,83,Active,,,HARMLS,59647464,N,Y,29.8287452,-95.5357172
MLS Listing,,Single Family Residential,Cypress,TX,77429,515000,4,3.5,Hayden Lakes Sec 9,3401,6729,2018,1,151,78,Active,,,HARMLS,85884751,N,Y,30.035136,-95.647089
MLS Listing,,Single Family Residential,Texas City,TX,77591,300000,4,2,Collins & Gauldin,3038,32301,1986,1,99,,Active,,,HARMLS,28918012,N,Y,29.3857255,-94.9742788
MLS Listing,,Single Family Residential,Dayton,TX,77535,158000,2,1,Friedman-block 11 12,792,13499,1976,1,199,,Active,,,HARMLS,15518996,N,Y,30.0520059,-94.8880696
MLS Listing,,Single Family Residential,Richmond,TX,77469,580000,3,2.5,Del Webb Sweetgrass,2636,7870,2014,1,220,145,Active,October-23-2022 11:00 AM,October-23-2022 01:30 PM,HARMLS,88708425,N,Y,29.5593774,-95.745657
MLS Listing,,Single Family Residential,Deer Park,TX,77536,284900,3,2.5,Erin Glen Sec 08,1685,7605,1984,1,169,,Active,,,HARMLS,97672439,N,Y,29.6930093,-95.1341265
MLS Listing,,Single Family Residential,Houston,TX,77079,895000,3,3,Marywood Sec 1,3803,8239,2000,1,235,238,Active,,,HARMLS,87992615,N,Y,29.7764638,-95.6325843
MLS Listing,,Single Family Residential,Huffman,TX,77336,283990,3,2.5,Woodland Lakes,1860,,2022,1,153,33,Active,,,HARMLS,83157915,N,Y,30.02943,-95.110445
MLS Listing,,Single Family Residential,Richmond,TX,77407,597268,4,3,Grand Vista,2704,8596,2022,1,221,71,Active,October-23-2022 11:00 AM,October-23-2022 02:00 PM,HARMLS,43744229,N,Y,29.6910867,-95.7051
MLS Listing,,Single Family Residential,Katy,TX,77450,450000,4,2.5,Kelliwood Terrace Sec 1,2520,8467,1997,1,179,42,Active,,,HARMLS,90094427,N,Y,29.7399281,-95.750492
MLS Listing,,Single Family Residential,Sugar Land,TX,77479,575000,4,3.5,Lake Pointe,3011,8038,1993,1,191,97,Active,October-23-2022 02:00 PM,October-23-2022 04:00 PM,HARMLS,76084336,N,Y,29.5945736,-95.6633584
MLS Listing,,Single Family Residential,Tomball,TX,77375,329000,3,2,Saddlebrook Village,1884,9463,2011,1,175,40,Active,,,HARMLS,97524855,N,Y,30.1364403,-95.5624458
MLS Listing,,Single Family Residential,Spring,TX,77379,425000,3,2.5,Pinelakes Promenade 01 Amd,2381,6585,1999,1,178,120,Active,,,HARMLS,65894236,N,Y,30.0641626,-95.5125667
MLS Listing,,Single Family Residential,Humble,TX,77346,400000,4,3.5,Balmoral,2426,,2022,1,165,94,Active,,,HARMLS,19843492,N,Y,29.952472,-95.19146
MLS Listing,,Single Family Residential,Humble,TX,77346,385000,4,3.5,Balmoral,2285,,2022,1,168,94,Active,,,HARMLS,28483029,N,Y,29.952472,-95.19146
MLS Listing,,Single Family Residential,Humble,TX,77346,370000,4,2.5,Balmoral,2108,,2022,1,176,94,Active,,,HARMLS,71231161,N,Y,29.952472,-95.19146
MLS Listing,,Single Family Residential,Hockley,TX,77447,336000,3,2,Dellrose,1801,,2022,1,187,83,Active,,,HARMLS,73102661,N,Y,30.018522,-95.786873
MLS Listing,,Single Family Residential,Humble,TX,77346,385000,4,2,Balmoral,1930,,2022,1,199,94,Active,,,HARMLS,61313062,N,Y,29.9451276,-95.1911205
MLS Listing,,Single Family Residential,Humble,TX,77346,400000,4,2.5,Balmoral,2314,,2022,1,173,94,Active,,,HARMLS,81212150,N,Y,29.9452647,-95.1910254
MLS Listing,,Single Family Residential,New Caney,TX,77357,255000,3,2,Tavola,1682,,2022,1,152,67,Active,,,HARMLS,28356641,N,Y,30.1608046,-95.1999886
MLS Listing,,Single Family Residential,New Caney,TX,77357,280000,4,2.5,Tavola,1853,,2022,1,151,67,Active,,,HARMLS,97516123,N,Y,30.1607632,-95.1998098
MLS Listing,,Single Family Residential,New Caney,TX,77357,255000,4,2,Tavola,1538,,2022,1,166,67,Active,,,HARMLS,91267518,N,Y,30.1606475,-95.1997042
MLS Listing,,Single Family Residential,Hockley,TX,77447,277990,3,2,Becker Trace,1522,,2022,1,183,63,Active,,,HARMLS,57731281,N,Y,30.0379497,-95.8026339
MLS Listing,,Single Family Residential,Baytown,TX,77521,217990,3,2,Burnet Fields,1311,,2022,1,166,54,Active,,,HARMLS,35738187,N,Y,29.8323024,-95.0000102
MLS Listing,,Single Family Residential,Houston,TX,77082,999000,5,3.5,Royal Oaks Country Club 01 Rp,4396,9100,2000,1,227,275,Active,,,HARMLS,10796230,N,Y,29.7212202,-95.5771736
MLS Listing,,Single Family Residential,Katy,TX,77493,349990,4,3,Aurora,2012,7760,2022,1,174,63,Active,,,HARMLS,24947993,N,Y,29.860027,-95.774557
MLS Listing,,Single Family Residential,Houston,TX,77019,279000,3,2.5,Fourth Ward Place Sec 01,1240,2472,2004,1,225,,Active,October-29-2022 01:00 PM,October-29-2022 06:00 PM,HARMLS,59881085,N,Y,29.7563364,-95.3792877
MLS Listing,,Single Family Residential,Humble,TX,77346,189000,4,2.5,Golf Villas,2060,4000,1993,1,92,22,Active,,,HARMLS,8200346,N,Y,30.0108448,-95.1590302
MLS Listing,,Single Family Residential,Katy,TX,77493,412440,4,3.5,Aurora,3075,7850,2022,1,134,63,Active,,,HARMLS,81096581,N,Y,29.857266,-95.777517
MLS Listing,,Single Family Residential,The Meadows,TX,77477,319990,3,2,Meadows,1676,,1974,1,191,,Active,,,HARMLS,27701396,N,Y,29.6568479,-95.5963787
MLS Listing,,Single Family Residential,Katy,TX,77493,418940,4,3.5,Aurora,3075,12188,2022,1,136,63,Active,,,HARMLS,72423674,N,Y,29.860027,-95.774557
MLS Listing,,Single Family Residential,Cypress,TX,77433,284990,3,2,Mason Woods,1322,,2022,1,216,71,Active,,,HARMLS,93674529,N,Y,29.8816518,-95.7480589
MLS Listing,,Single Family Residential,Katy,TX,77493,394990,4,3.5,Aurora,3075,9967,2022,1,128,63,Active,,,HARMLS,77718086,N,Y,29.857266,-95.777517
MLS Listing,,Single Family Residential,Pinehurst,TX,77362,700000,4,4,Woodtrace 01,4141,8994,2014,1,169,100,Active,,,HARMLS,98942676,N,Y,30.155581,-95.6706523
MLS Listing,,Single Family Residential,Spring,TX,77380,720000,5,3.5,Vicksburg,3672,11982,1974,1,196,38,Active,,,HARMLS,95568111,N,Y,30.1339274,-95.4511221
MLS Listing,,Single Family Residential,Cypress,TX,77433,299990,3,2,Mason Woods,1450,5544,2022,1,207,,Active,,,HARMLS,84664631,N,Y,29.8816427,-95.7484461
MLS Listing,,Single Family Residential,Katy,TX,77450,475500,5,3.5,Nottingham Cntry Sec 08 Pt,3234,7705,1982,1,147,25,Active,,,HARMLS,14975429,N,Y,29.7646165,-95.7332114
MLS Listing,,Single Family Residential,Katy,TX,77493,411940,4,3.5,Aurora,3075,9620,2022,1,134,63,Active,,,HARMLS,63417599,N,Y,29.860027,-95.774557
MLS Listing,,Single Family Residential,Houston,TX,77044,325000,4,2.5,Summerwood,2254,8228,1997,1,144,70,Active,,,HARMLS,80187607,N,Y,29.9324226,-95.1785853
MLS Listing,,Single Family Residential,Rosharon,TX,77583,350000,5,3.5,Southern Colony Sec 1,2770,5040,2007,1,126,42,Active,,,HARMLS,30864543,N,Y,29.4639061,-95.4712074
MLS Listing,,Single Family Residential,Cypress,TX,77433,349990,4,2.5,Mason Woods,2232,,2022,1,157,71,Active,,,HARMLS,75091787,N,Y,29.881651,-95.7481873
MLS Listing,,Single Family Residential,Tomball,TX,77375,246000,3,2,Three Lakes,1404,6300,1982,1,175,25,Active,October-23-2022 09:00 AM,October-23-2022 12:00 PM,HARMLS,7829923,N,Y,30.0449767,-95.6052448
MLS Listing,,Single Family Residential,Texas City,TX,77568,385064,3,2.5,Pearlbrook,2184,,2022,1,176,33,Active,,,HARMLS,27463783,N,Y,29.4095989,-95.0007358
MLS Listing,,Single Family Residential,Katy,TX,77493,379990,4,2.5,Aurora,2641,8313,2022,1,144,63,Active,,,HARMLS,80196117,N,Y,29.860027,-95.774557
MLS Listing,,Single Family Residential,Bellaire,TX,77401,1950000,6,6.5,Davis R D,6007,13500,2002,1,325,,Active,October-23-2022 01:00 PM,October-23-2022 03:00 PM,HARMLS,59167722,N,Y,29.7032965,-95.4576731
MLS Listing,,Single Family Residential,Houston,TX,77009,329999,2,1,Lindale Park Sec 05,926,5000,1940,1,356,,Active,,,HARMLS,12744621,N,Y,29.8061542,-95.3669463
MLS Listing,,Single Family Residential,Houston,TX,77058,389900,4,2.5,Nassau Bay Sec 04,2826,12600,1966,1,138,11,Active,,,HARMLS,74486833,N,Y,29.5384872,-95.0920216
MLS Listing,,Single Family Residential,Katy,TX,77450,299900,4,2,Memorial Pkwy Sec 02,1565,7684,1975,1,192,31,Active,October-23-2022 10:00 AM,October-23-2022 12:00 PM,HARMLS,25325252,N,Y,29.7706113,-95.7416315
MLS Listing,,Single Family Residential,Houston,TX,77096,489000,3,2,Meyerland Sec 03,2062,8004,1955,1,237,38,Active,October-23-2022 03:00 PM,October-23-2022 05:00 PM,HARMLS,55206091,N,Y,29.6855792,-95.4743201
MLS Listing,,Single Family Residential,Cleveland,TX,77328,405000,4,2,Fostoria Oaks 02,2356,219542,2004,1,172,,Active,,,HARMLS,64020657,N,Y,30.2981649,-95.1594778
MLS Listing,,Single Family Residential,Houston,TX,77078,194995,3,2,Parkwood East Sec 01 Rp,1260,5390,1976,1,155,,Active,,,HARMLS,10580914,N,Y,29.8491485,-95.232153
MLS Listing,,Single Family Residential,Houston,TX,77077,370000,3,3.5,Reflections Sec 2,1763,2301,2022,1,210,180,Active,October-23-2022 01:00 PM,October-23-2022 03:00 PM,HARMLS,73554041,N,Y,29.7444168,-95.6173967
MLS Listing,,Single Family Residential,Houston,TX,77075,279000,4,3,Clearwood Xing South Sec 01,1904,4275,2012,1,147,23,Active,,,HARMLS,53270877,N,Y,29.6094831,-95.2573236
MLS Listing,,Single Family Residential,Cypress,TX,77429,279900,3,2.5,Cypress Ridge,2377,4684,2005,1,118,25,Active,,,HARMLS,31100347,N,Y,30.0069761,-95.7043393
MLS Listing,,Single Family Residential,Conroe,TX,77306,399000,4,2.5,Pine Rock Estates,2688,32670,2022,1,148,50,Active,,,HARMLS,40019033,N,Y,30.287714,-95.2969799
MLS Listing,,Single Family Residential,Houston,TX,77008,699000,3,2.5,Houston Heights,2551,3275,2017,1,274,,Active,October-23-2022 01:00 PM,October-23-2022 03:00 PM,HARMLS,19171167,N,Y,29.8091554,-95.4076941
MLS Listing,,Single Family Residential,League City,TX,77573,324900,4,2.5,Harbour Park,2514,7541,1990,1,129,50,Active,,,HARMLS,47592264,N,Y,29.5312402,-95.0464417
MLS Listing,,Single Family Residential,Katy,TX,77493,304900,3,2,Freeman Ranch,1570,,2022,1,194,29,Active,,,HARMLS,46189669,N,Y,29.8652934,-95.8764964
MLS Listing,,Single Family Residential,Brookshire,TX,77423,749990,4,4,Jordan Ranch,3737,9100,2022,1,201,88,Active,,,HARMLS,77799538,N,Y,29.749742,-95.879746
MLS Listing,,Single Family Residential,Pearland,TX,77581,510000,4,3.5,Avalon Terrace,3119,7397,2015,1,164,55,Active,October-23-2022 11:30 AM,October-23-2022 01:30 PM,HARMLS,60004672,N,Y,29.5710748,-95.3339231
MLS Listing,,Single Family Residential,Spring,TX,77373,310000,4,3,Park At Northgate Crossing,2394,6574,2005,1,129,50,Active,October-23-2022 11:00 AM,October-23-2022 03:00 PM,HARMLS,64752039,N,Y,30.0886523,-95.43264
MLS Listing,,Single Family Residential,Porter,TX,77365,649990,5,4.5,Royal Brook,4018,8124,2017,1,162,100,Active,October-23-2022 01:00 PM,October-23-2022 04:00 PM,HARMLS,13966758,N,Y,30.0933655,-95.1879784
MLS Listing,,Single Family Residential,The Woodlands,TX,77382,630000,5,4.5,Wdlnds Village Indian Sprg 23,3610,7002,2001,1,175,,Active,,,HARMLS,59382402,N,Y,30.1794355,-95.5536272
MLS Listing,,Single Family Residential,Baytown,TX,77521,373000,4,3,Country Club Oaks Sec 08,3498,6360,1999,1,107,4,Active,,,HARMLS,42478192,N,Y,29.7646782,-94.9889781
MLS Listing,,Single Family Residential,Richmond,TX,77469,465000,4,3.5,Riverpark West Sec 14,3062,9820,2014,1,152,75,Active,,,HARMLS,17948347,N,Y,29.5594286,-95.7219405
MLS Listing,,Single Family Residential,Spring,TX,77373,299995,3,2.5,Spring Creek Forest,1780,,2022,1,169,63,Active,,,HARMLS,81805508,N,Y,30.065541,-95.366321
MLS Listing,,Single Family Residential,Katy,TX,77494,510000,4,3.5,Anserra,3493,8771,2014,1,146,83,Active,,,HARMLS,89001397,N,Y,29.7715334,-95.8666076
MLS Listing,,Single Family Residential,Pearland,TX,77581,315000,3,2,Pine Shadows,2252,11870,1978,1,140,,Active,,,HARMLS,6312858,N,Y,29.554293,-95.23876
MLS Listing,,Single Family Residential,Manvel,TX,77578,619900,4,3.5,Del Bello Lakes,3578,12219,2021,1,173,75,Active,,,HARMLS,79780029,N,Y,29.4921997,-95.3861436
MLS Listing,,Single Family Residential,Houston,TX,77007,540000,3,3.5,Cottage Grove,2339,1783,2014,1,231,,Active,October-23-2022 03:00 PM,October-23-2022 05:00 PM,HARMLS,82283453,N,Y,29.7807522,-95.4238798
MLS Listing,,Single Family Residential,Spring,TX,77386,449990,4,3.5,Vivace At Harmony,2496,7916,2021,1,180,67,Active,October-23-2022 12:00 PM,October-23-2022 04:00 PM,HARMLS,33644859,N,Y,30.095233,-95.378759
MLS Listing,,Single Family Residential,Missouri City,TX,77459,369995,3,2,Olympia Falls,1889,,2022,1,196,63,Active,,,HARMLS,68989007,N,Y,29.5556179,-95.5006619
MLS Listing,,Single Family Residential,The Woodlands,TX,77381,315000,2,1,Wdlnds Village Panther Ck 20,1129,10816,1982,1,279,,Active,,,HARMLS,53107861,N,Y,30.1495831,-95.5001292
MLS Listing,,Single Family Residential,Missouri City,TX,77459,450000,4,2.5,Sienna Steep Bank Village,3003,7135,2000,1,150,109,Active,,,HARMLS,92412197,N,Y,29.5038028,-95.5128741
MLS Listing,,Single Family Residential,Spring,TX,77379,625000,4,3.5,Wimbledon Champions Estates,4359,13019,1994,1,143,116,Active,,,HARMLS,44159085,N,Y,30.014853,-95.5036327
MLS Listing,,Single Family Residential,Dayton,TX,77535,475000,2,1,Dayton,1162,418176,1952,1,409,,Active,,,HARMLS,45496589,N,Y,30.039357,-94.879934
MLS Listing,,Single Family Residential,Friendswood,TX,77546,550000,4,3.5,The Forest Sec 11 2002,2700,11700,2002,1,204,45,Active,October-23-2022 11:00 AM,October-23-2022 01:00 PM,HARMLS,37944630,N,Y,29.554361,-95.2049959
MLS Listing,,Single Family Residential,Houston,TX,77055,399000,3,2,Ridgecrest Sec 05,1738,7630,1956,1,230,,Active,,,HARMLS,61744039,N,Y,29.8089017,-95.4891077
MLS Listing,,Single Family Residential,Magnolia,TX,77354,253007,3,2,Mustang Ridge,1360,,2023,1,186,50,Active,,,HARMLS,73825889,N,Y,30.215505,-95.762299
MLS Listing,,Single Family Residential,Richmond,TX,77469,200000,3,2,Riverwood Village,1061,6806,1983,1,189,29,Active,,,HARMLS,38696982,N,Y,29.5721727,-95.7821862
MLS Listing,,Single Family Residential,Katy,TX,77450,1190000,5,4.5,Parklake Village,4645,13118,2008,1,256,258,Active,October-23-2022 01:00 AM,October-23-2022 04:00 PM,HARMLS,2170145,N,Y,29.7538755,-95.7149103
MLS Listing,,Single Family Residential,Sugar Land,TX,77479,1499000,6,5.5,Avalon At Riverstone,5510,10914,2016,1,272,151,Active,,,HARMLS,14692321,N,Y,29.542669,-95.608283
MLS Listing,,Single Family Residential,Tomball,TX,77377,1172003,4,2.5,,1488,130680,1964,1,788,,Active,,,HARMLS,3999472,N,Y,30.083287,-95.6436385
MLS Listing,,Single Family Residential,Fulshear,TX,77441,410000,4,2,Creekside At Cross Creek Ranch Sec 8,2282,10788,2012,1,180,108,Active,,,HARMLS,62900616,N,Y,29.700375,-95.8481186
MLS Listing,,Single Family Residential,Deer Park,TX,77536,215000,3,1.5,Obrien Heights Sec 02,1260,6420,1964,1,171,,Active,,,HARMLS,46095475,N,Y,29.6983691,-95.1127751
MLS Listing,,Single Family Residential,Katy,TX,77449,349995,3,2,The Meadows at Westfield Village,1944,,2022,1,180,41,Active,,,HARMLS,31931634,N,Y,29.845056,-95.732559
MLS Listing,,Single Family Residential,Montgomery,TX,77316,535000,4,3,Woodforest,2771,8463,2013,1,193,105,Active,October-23-2022 12:00 PM,October-23-2022 04:00 PM,HARMLS,63047560,N,Y,30.2750854,-95.5477626
MLS Listing,,Single Family Residential,Alvin,TX,77511,274700,4,2,Oak Bend Estates,2489,38768,1970,1,110,,Active,,,HARMLS,88556293,N,Y,29.3572566,-95.3018989
MLS Listing,,Single Family Residential,Dickinson,TX,77539,595000,4,3,Dickinson Add D,3036,33889,1990,1,196,,Active,,,HARMLS,93930745,N,Y,29.4622293,-95.0756684
MLS Listing,,Single Family Residential,Kingwood,TX,77339,429000,4,2.5,Deer Cove,2958,13024,2000,1,145,95,Active,,,HARMLS,44710168,N,Y,30.0354597,-95.2187767
MLS Listing,,Single Family Residential,League City,TX,77573,374900,4,2,Brittany Lakes Sec 2 97,1999,8815,1997,1,188,50,Active,,,HARMLS,84819053,N,Y,29.4817813,-95.1200202
MLS Listing,,Single Family Residential,Richmond,TX,77406,363109,3,2,Deer Run Meadows,1944,,2022,1,187,55,Active,,,HARMLS,60447408,N,Y,29.634663,-95.8158391
MLS Listing,,Single Family Residential,Spring,TX,77379,429900,6,3.5,Senterra Lakes,3577,7951,2007,1,120,67,Active,,,HARMLS,82869966,N,Y,30.0574667,-95.502137
MLS Listing,,Single Family Residential,Spring,TX,77373,179000,4,2,Timberlane,1240,4635,1982,1,144,,Active,,,HARMLS,39677933,N,Y,30.041901,-95.377942
MLS Listing,,Single Family Residential,Cypress,TX,77433,849900,4,4,Water Havenbridgeland Sec 02,4390,12206,2012,1,194,105,Active,,,HARMLS,41569857,N,Y,29.9598914,-95.7454102
MLS Listing,,Single Family Residential,Magnolia,TX,77354,259995,3,2,Creekside Court,1360,,2022,1,191,42,Active,,,HARMLS,64236530,N,Y,30.158572,-95.604573
MLS Listing,,Single Family Residential,Alvin,TX,77511,279900,4,2,Foxwood,1552,7440,1998,1,180,,Active,,,HARMLS,39439739,N,Y,29.3983816,-95.2763822
MLS Listing,,Single Family Residential,Houston,TX,77024,2500000,4,3.5,Saddlebrook,5059,33613,1975,1,494,525,Active,,,HARMLS,64051710,N,Y,29.7826294,-95.4811304
MLS Listing,,Single Family Residential,Magnolia,TX,77354,237000,3,2,Oakwood Acres,1664,44500,2007,1,142,,Active,,,HARMLS,22856611,N,Y,30.1931377,-95.6350953
MLS Listing,,Single Family Residential,Sugar Land,TX,77478,498990,5,3.5,Eldridge Lake,3743,7054,2003,1,133,60,Active,,,HARMLS,64980853,N,Y,29.6606337,-95.6131566
MLS Listing,,Single Family Residential,Missouri City,TX,77459,429000,4,2.5,Colony Lakes,2871,7475,2004,1,149,49,Active,,,HARMLS,26800887,N,Y,29.5552078,-95.5594514
MLS Listing,,Single Family Residential,Stafford,TX,77477,250000,3,2,Bbb & C Ry,1882,11325,1973,1,133,,Active,,,HARMLS,24038125,N,Y,29.635121,-95.5430467
MLS Listing,,Single Family Residential,Pearland,TX,77581,150000,3,1,Darlinda Pearland,896,8564,1957,1,167,,Active,,,HARMLS,90188158,N,Y,29.561053,-95.2936303
